Total 156 Interactions,,,,,Normalized by Bait (per sample),,,,,,,,,,,,,,,Relative to HM (by Rep.),,,,,,,,,,,,,,
Pair,Bait,Prey,BaitID,PreyID,HM_1,HM_2,HM_3,Neu_1,Neu_2,Neu_3,F_1,F_2,F_3,S_1,S_2,S_3,FS_1,FS_2,FS_3,HM_1,HM_2,HM_3,Neu_1,Neu_2,Neu_3,F_1,F_2,F_3,S_1,S_2,S_3,FS_1,FS_2,FS_3
EGFR_ACIN1,EGFR,ACIN1,P00533,Q9UKV3,40520.9219,54507.1233,30457.0242,13108.71902,18884.93784,9826.099558,8175.462331,20769.45947,8590.929738,14692.45226,16917.72641,10576.03445,12002.4786,13926.8962,9794.740382,100,100,100,32.35,34.65,32.26,20.18,38.1,28.21,36.26,31.04,34.72,29.62,25.55,32.16
BSG_ADAM9,BSG,ADAM9,P35613,Q13443,13283.9434,11574.2999,14789.9307,14317.80482,14231.71531,17373.45151,9015.77725,6266.289855,9989.002338,13741.96181,9996.807202,14274.93563,10301.13094,8765.172104,7778.019148,100,100,100,107.78,122.96,117.47,67.87,54.14,67.54,103.45,86.37,96.52,77.55,75.73,52.59
EGFR_ADAM9,EGFR,ADAM9,P00533,Q13443,7384.0249,12367.8725,6587.48798,7218.773642,10809.79264,5019.127399,6217.007558,7408.454637,3887.721252,3810.618195,6832.887015,2739.599692,3663.017865,6534.784473,3547.345991,100,100,100,97.76,87.4,76.19,84.2,59.9,59.02,51.61,55.25,41.59,49.61,52.84,53.85
CD44_AGPAT2,CD44,AGPAT2,P16070,O15120,19334.7324,28196.227,13437.523,10749.3031,17217.3373,5804.211847,8075.184649,9420.491589,4580.906108,7125.119305,8070.875426,5056.103458,13187.71637,20246.58617,6549.858186,100,100,100,55.6,61.06,43.19,41.77,33.41,34.09,36.85,28.62,37.63,68.21,71.81,48.74
CD44_ALDH1A3,CD44,ALDH1A3,P16070,P47895,9177.02734,11333.4452,10071.3654,8560.940724,8796.078162,10170.25191,6586.164053,8721.52787,7247.310904,4510.751083,4223.138088,4105.318486,11846.30386,14269.46638,8549.048704,100,100,100,93.29,77.61,100.98,71.77,76.95,71.96,49.15,37.26,40.76,129.09,125.91,84.88
EGFR_AP1M1,EGFR,AP1M1,P00533,Q9BXS5,40961.3711,38343.1203,44472.8666,54612.78066,43151.03859,53775.65498,49233.89356,37048.30754,38201.84128,11175.60782,10345.56141,9369.004924,16703.68532,17644.48374,17023.02052,100,100,100,133.33,112.54,120.92,120.2,96.62,85.9,27.28,26.98,21.07,40.78,46.02,38.28
BSG_ARF4,BSG,ARF4,P35613,P18085,44458.3711,69951.2457,37297.3279,10628.43257,16471.20273,9384.415876,14581.02326,24538.686,11848.3163,15876.50458,19146.61305,10634.07193,17732.7593,25994.71128,14759.71012,100,100,100,23.91,23.55,25.16,32.8,35.08,31.77,35.71,27.37,28.51,39.89,37.16,39.57
EGFR_ARF4,EGFR,ARF4,P00533,P18085,63568.8242,61999.31,50751.8872,122854.491,94905.59056,87447.94939,28551.1834,27446.10403,20728.96078,38246.68991,36579.08605,22739.31586,17858.16602,13090.97771,9886.897371,100,100,100,193.26,153.08,172.3,44.91,44.27,40.84,60.17,59,44.8,28.09,21.11,19.48
SLC3A2_ARF4,SLC3A2,ARF4,P08195,P18085,43868.6719,51089.894,23152.7006,21635.38301,26135.86754,11354.28446,26213.45839,22418.57151,12354.71344,34929.67037,44059.09158,16703.89636,34683.69294,32142.30644,12616.43558,100,100,100,49.32,51.16,49.04,59.75,43.88,53.36,79.62,86.24,72.15,79.06,62.91,54.49
BSG_ARF5,BSG,ARF5,P35613,P84085,11374.7031,17435.4862,6340.2254,9472.422016,16566.03379,5403.435865,9953.572844,16398.21624,3975.429596,6615.391304,10051.94853,2995.495676,9242.307859,14155.55328,5665.716312,100,100,100,83.28,95.01,85.22,87.51,94.05,62.7,58.16,57.65,47.25,81.25,81.19,89.36
CD44_ARF5,CD44,ARF5,P16070,P84085,42379.2539,45471.6681,37123.845,39723.33601,43506.3533,36703.4801,42083.01317,49234.77685,39856.35095,21786.65995,21215.98265,17465.75359,22621.64474,16361.50311,20183.35613,100,100,100,93.73,95.68,98.87,99.3,108.28,107.36,51.41,46.66,47.05,53.38,35.98,54.37
EGFR_ARF5,EGFR,ARF5,P00533,P84085,11093.8047,11098.4641,12017.2863,7058.213661,6180.790425,7695.075706,9807.257345,6610.316732,10022.13222,20752.29761,14412.91845,23045.82204,10773.76961,7364.054218,8513.827089,100,100,100,63.62,55.69,64.03,88.4,59.56,83.4,187.06,129.86,191.77,97.12,66.35,70.85
SLC3A2_ARF5,SLC3A2,ARF5,P08195,P84085,5913.4572,7060.96647,4441.27906,2199.071491,2455.88672,1563.854375,2231.037104,2785.581222,1723.567759,2424.219644,2962.02789,1815.912304,3902.840736,3398.302946,2365.078824,100,100,100,37.19,34.78,35.21,37.73,39.45,38.81,40.99,41.95,40.89,66,48.13,53.25
BSG_ARF6,BSG,ARF6,P35613,P62330,26767.1543,31533.5815,27603.9491,15177.35067,13152.5144,13061.13494,18687.56613,23924.64465,13479.83703,26412.56443,23558.74336,23314.32828,19663.63472,22490.80101,15345.04004,100,100,100,56.7,41.71,47.32,69.82,75.87,48.83,98.68,74.71,84.46,73.46,71.32,55.59
CD44_ARF6,CD44,ARF6,P16070,P62330,74036.1172,117578.238,55301.9441,26605.76967,41882.17206,17553.5949,58368.64975,87155.95469,31336.33683,7961.834715,13086.64822,4763.797388,21513.31684,24894.51649,11494.721,100,100,100,35.94,35.62,31.74,78.84,74.13,56.66,10.75,11.13,8.61,29.06,21.17,20.79
EGFR_ARF6,EGFR,ARF6,P00533,P62330,5686.00586,9539.41203,5490.20256,6267.086376,9049.22953,6395.408882,6323.136122,9213.96717,4712.080958,4360.857432,5453.64964,3935.897514,11422.36903,20120.32415,10980.05944,100,100,100,110.22,94.86,116.49,111.21,96.59,85.83,76.69,57.17,71.69,200.89,210.92,199.99
EGFR_ATP1A1,EGFR,ATP1A1,P00533,P05023,112467.656,137356.749,110816.856,112587.4116,146138.1953,121541.3352,90615.3804,119019.6146,66550.60497,108787.1631,117514.9007,92244.82993,93465.15211,93476.60863,61464.89081,100,100,100,100.11,106.39,109.68,80.57,86.65,60.05,96.73,85.55,83.24,83.1,68.05,55.47
SLC3A2_ATP1A1,SLC3A2,ATP1A1,P08195,P05023,42127.4531,57220.877,43980.5977,26660.62502,38738.06005,20883.67783,17953.47792,26385.48969,19746.18391,31219.58432,46497.01341,25083.82382,40075.82023,36005.49173,42184.72172,100,100,100,63.29,67.7,47.48,42.62,46.11,44.9,74.11,81.26,57.03,95.13,62.92,95.92
EGFR_ATP2A2,EGFR,ATP2A2,P00533,P16615,143358.391,237272.472,115747.135,63907.64968,82578.46866,52133.92473,51928.28033,72924.74275,35734.57791,86231.17074,154764.0258,49313.12499,61205.30802,93750.94846,47090.92481,100,100,100,44.58,34.8,45.04,36.22,30.73,30.87,60.15,65.23,42.6,42.69,39.51,40.68
SLC3A2_ATP2A2,SLC3A2,ATP2A2,P08195,P16615,39471.1797,47442.7791,25952.5375,33799.96889,36982.852,16159.95063,33127.85593,27606.06737,21223.49745,40378.70422,34779.16864,28020.33372,37695.90813,43031.29158,24757.03057,100,100,100,85.63,77.95,62.27,83.93,58.19,81.78,102.3,73.31,107.97,95.5,90.7,95.39
BSG_ATP2A2,BSG,ATP2A2,P35613,P16615,92204.3906,100291.638,103225.213,108627.1387,108963.5615,106038.6299,97567.49309,70148.71637,99688.16236,105869.3358,122552.7015,120852.4607,80141.80938,80058.76196,97250.21251,100,100,100,117.81,108.65,102.73,105.82,69.94,96.57,114.82,122.2,117.08,86.92,79.83,94.21
BSG_ATP2B1,BSG,ATP2B1,P35613,P20020,19290.8594,26199.4948,18861.8114,20537.72198,22012.51587,21242.22341,16856.31488,24145.31762,11679.38892,23726.60733,22737.76983,24237.51878,17906.15854,25455.556,18601.45159,100,100,100,106.46,84.02,112.62,87.38,92.16,61.92,122.99,86.79,128.5,92.82,97.16,98.62
EGFR_ATP2B1,EGFR,ATP2B1,P00533,P20020,4517.59717,4956.97867,2478.63841,5054.947961,3609.500339,2699.938404,4222.293069,4899.718743,1716.195448,3114.88464,2622.541521,1299.762461,6620.287429,5705.792781,2769.234345,100,100,100,111.89,72.82,108.93,93.46,98.84,69.24,68.95,52.91,52.44,146.54,115.11,111.72
BSG_ATP5F1A,BSG,ATP5F1A,P35613,P25705,1152687.63,1101911.74,1050341.64,1393576.153,1009945.896,1177079.958,1205738.153,1176035.209,1058030.631,1022226.692,899520.1685,1010275.385,935991.9332,782656.8217,877952.4626,100,100,100,120.9,91.65,112.07,104.6,106.73,100.73,88.68,81.63,96.19,81.2,71.03,83.59
EGFR_ATP5F1A,EGFR,ATP5F1A,P00533,P25705,992517.5,889662.912,609916.892,1345777.812,1147362.251,763850.8831,827114.7187,612211.7278,366714.8981,1188830.99,944917.5931,617808.0042,882583.308,633806.7496,457763.2628,100,100,100,135.59,128.97,125.24,83.34,68.81,60.13,119.78,106.21,101.29,88.92,71.24,75.05
BSG_ATP5F1B,BSG,ATP5F1B,P35613,P06576,231382.391,225845.41,220184.408,255885.4438,224291.3652,252866.6829,261644.6741,237739.0695,237481.6335,220582.7824,229406.6635,163916.7334,344445.705,225202.297,335249.2002,100,100,100,110.59,99.31,114.84,113.08,105.27,107.86,95.33,101.58,74.45,148.86,99.72,152.26
EGFR_ATP5F1B,EGFR,ATP5F1B,P00533,P06576,266781.125,274128.277,183107.093,309431.3274,348641.8959,164063.8266,301704.1829,285143.8637,145972.5625,258979.604,248290.388,120631.71,330641.0218,264900.6387,223270.4657,100,100,100,115.99,127.18,89.6,113.09,104.02,79.72,97.08,90.57,65.88,123.94,96.63,121.93
BSG_ATP5PO,BSG,ATP5PO,P35613,P48047,67729.3047,69278.9512,72822.4807,77826.88726,76959.81879,87249.1542,70664.04866,52080.51516,63963.52686,79293.80511,72921.81216,63887.90075,79459.94916,83285.55923,64782.13865,100,100,100,114.91,111.09,119.81,104.33,75.18,87.83,117.07,105.26,87.73,117.32,120.22,88.96
CD44_ATP6V1H,CD44,ATP6V1H,P16070,Q9UI12,23812.6934,34335.9988,25020.8304,12412.69205,13448.818,14238.57307,17545.11775,17692.86815,13413.68629,13414.45475,13196.27533,12383.0539,13065.27372,18090.79121,13293.78202,100,100,100,52.13,39.17,56.91,73.68,51.53,53.61,56.33,38.43,49.49,54.87,52.69,53.13
EGFR_ATP6V1H,EGFR,ATP6V1H,P00533,Q9UI12,5408.78125,8953.85874,4984.63544,2711.934593,3981.260671,1963.226653,3366.974836,5800.867402,3267.151167,2617.952026,4701.215626,1959.753404,3912.96923,5723.907685,3718.957565,100,100,100,50.14,44.46,39.39,62.25,64.79,65.54,48.4,52.5,39.32,72.34,63.93,74.61
BSG_ATP6V1H,BSG,ATP6V1H,P35613,Q9UI12,15802.0898,19976.2119,11787.7901,11133.58303,13603.86713,6007.271911,13424.61348,15773.10112,7992.695985,9159.107689,15419.25532,7801.112393,9685.141655,8868.558851,7938.646227,100,100,100,70.46,68.1,50.96,84.95,78.96,67.8,57.96,77.19,66.18,61.29,44.4,67.35
BSG_ATXN10,BSG,ATXN10,P35613,Q9UBB4,7640.5249,8451.10819,6444.55354,20720.62286,15921.28322,12377.36988,19451.14362,15476.82571,13719.40673,14481.20183,11340.8794,10680.93395,21206.3985,22793.54809,13543.47022,100,100,100,271.19,188.39,192.06,254.58,183.13,212.88,189.53,134.19,165.74,277.55,269.71,210.15
EGFR_ATXN10,EGFR,ATXN10,P00533,Q9UBB4,10909.9551,13393.0609,8712.85378,9356.95954,9469.326233,7358.426779,7105.756605,8686.651799,4375.29964,7777.042127,7131.681406,4835.96386,6331.068601,9184.895129,4881.905967,100,100,100,85.77,70.7,84.45,65.13,64.86,50.22,71.28,53.25,55.5,58.03,68.58,56.03
BSG_CCT3,BSG,CCT3,P35613,P49368,158716.172,188662.739,113914.247,150361.9715,167304.1268,81971.4615,121954.0704,180397.1162,98486.13565,139486.5625,132771.5792,80869.04809,139643.2329,157874.1522,76238.27244,100,100,100,94.74,88.68,71.96,76.84,95.62,86.46,87.88,70.38,70.99,87.98,83.68,66.93
EGFR_CCT3,EGFR,CCT3,P00533,P49368,77345.0938,108060.377,77928.1211,96521.49649,96676.82805,78841.7705,38009.31334,43331.45238,40939.77147,105677.3024,104528.9086,90430.41095,65422.94972,72362.49003,43160.54913,100,100,100,124.79,89.47,101.17,49.14,40.1,52.54,136.63,96.73,116.04,84.59,66.96,55.39
BSG_CD44,BSG,CD44,P35613,P16070,41798.0273,48965.9711,35208.1086,21680.73942,26052.78778,13245.81475,36711.86361,44403.63368,28513.51329,25490.73147,26944.00903,18547.15834,29312.2729,27964.33625,19519.36783,100,100,100,51.87,53.21,37.62,87.83,90.68,80.99,60.99,55.03,52.68,70.13,57.11,55.44
EGFR_CD44,EGFR,CD44,P00533,P16070,33065.5156,48071.9692,31695.1153,23651.53063,35272.68825,21402.60738,24351.08468,37256.61411,18042.55286,22463.92057,30141.26811,17120.59615,9069.560841,9348.654446,8077.726166,100,100,100,71.53,73.37,67.53,73.64,77.5,56.93,67.94,62.7,54.02,27.43,19.45,25.49
CD44_CD58,CD44,CD58,P16070,P19256,16350.7022,24213.2643,12960.3677,17962.17754,26913.94695,13096.32434,13921.71979,19542.56246,10989.57288,11830.16867,20313.58498,9594.226612,18669.35636,30876.61117,14125.82694,100,100,100,109.86,111.15,101.05,85.14,80.71,84.79,72.35,83.89,74.03,114.18,127.52,108.99
BSG_CDCP1,BSG,CDCP1,P35613,Q9H5V8,9377.9248,13131.7206,6016.51082,4204.887426,4853.141434,2558.92252,5213.289781,7010.033848,2201.544631,3439.343942,3334.099487,1558.595845,1978.057769,2627.936112,922.595513,100,100,100,44.84,36.96,42.53,55.59,53.38,36.59,36.67,25.39,25.91,21.09,20.01,15.33
CD44_CDCP1,CD44,CDCP1,P16070,Q9H5V8,66240.2656,61783.6206,52793.7567,75249.37295,48896.19342,49630.92641,61570.94828,48342.69908,44485.01424,41182.55812,27492.85862,35908.32219,71029.3805,47128.63515,60314.17246,100,100,100,113.6,79.14,94.01,92.95,78.25,84.26,62.17,44.5,68.02,107.23,76.28,114.24
EGFR_CDCP1,EGFR,CDCP1,P00533,Q9H5V8,9099.07715,8513.64252,8370.81431,6463.389437,4483.279564,4883.27695,4514.314282,3345.0463,2927.908017,6692.220381,7547.929995,5283.187959,3204.757337,3807.462995,2836.316159,100,100,100,71.03,52.66,58.34,49.61,39.29,34.98,73.55,88.66,63.11,35.22,44.72,33.88
SLC3A2_CDCP1,SLC3A2,CDCP1,P08195,Q9H5V8,4142.53369,3722.8536,2555.67402,7763.050802,5846.510322,4847.296139,4313.148331,3028.500752,2385.632122,5706.942358,5010.605118,3662.454767,5608.488044,3382.54004,2321.431888,100,100,100,187.4,157.04,189.67,104.12,81.35,93.35,137.76,134.59,143.31,135.39,90.86,90.83
EGFR_COG3,EGFR,COG3,P00533,Q96JB2,17189.959,22522.2843,16734.4938,15105.44236,17212.16576,12346.34602,8141.267567,7881.403002,5855.321901,6182.216108,6715.983879,4432.139218,3541.170369,7433.192669,5110.407099,100,100,100,87.87,76.42,73.78,47.36,34.99,34.99,35.96,29.82,26.49,20.6,33,30.54
SLC3A2_COG3,SLC3A2,COG3,P08195,Q96JB2,3067.07544,2953.90036,2765.31202,3853.668771,3674.390829,2813.383481,4852.818773,3784.849298,2847.265284,3269.983919,2072.253558,2176.786399,6236.622699,4905.261208,4106.149642,100,100,100,125.65,124.39,101.74,158.22,128.13,102.96,106.62,70.15,78.72,203.34,166.06,148.49
BSG_COPB1,BSG,COPB1,P35613,P53618,20810.6758,26772.9344,12815.9009,10044.96598,10466.99056,5263.067119,15745.64874,16454.98517,7211.719324,12554.80228,10860.92336,8414.44458,10096.18672,12292.15785,5726.190791,100,100,100,48.27,39.1,41.07,75.66,61.46,56.27,60.33,40.57,65.66,48.51,45.91,44.68
EGFR_COPB1,EGFR,COPB1,P00533,P53618,9882.97754,10497.4023,7333.82161,12753.56022,9565.418648,6953.472533,6736.890252,6122.5795,4091.859279,4512.563068,5016.515952,2474.730361,3622.298847,5284.328194,3177.923666,100,100,100,129.05,91.12,94.81,68.17,58.32,55.79,45.66,47.79,33.74,36.65,50.34,43.33
BSG_CPNE1,BSG,CPNE1,P35613,Q99829,5404.05957,7299.47942,3267.15391,4501.546155,5497.306321,2197.516734,7237.116954,8060.162796,3784.916193,4305.713915,4866.105379,2027.468133,4739.856038,5155.846796,2032.76622,100,100,100,83.3,75.31,67.26,133.92,110.42,115.85,79.68,66.66,62.06,87.71,70.63,62.22
BSG_CPT1A,BSG,CPT1A,P35613,P50416,46232.8984,45537.0933,30768.5487,69930.63799,68608.86823,47571.46346,57435.01826,37577.60088,32689.28526,51276.35791,52135.9489,27067.29251,40062.13922,30781.73048,21806.44775,100,100,100,151.26,150.67,154.61,124.23,82.52,106.24,110.91,114.49,87.97,86.65,67.6,70.87
EGFR_CPT1A,EGFR,CPT1A,P00533,P50416,3475.38257,5482.79829,3684.90296,3321.315052,5687.398662,3336.595309,2906.259053,3920.264104,2949.273687,4262.517694,6510.008847,3881.339815,3818.317426,6194.971263,3777.42129,100,100,100,95.57,103.73,90.55,83.62,71.5,80.04,122.65,118.74,105.33,109.87,112.99,102.51
BSG_CSE1L,BSG,CSE1L,P35613,P55060,84468.3672,79986.4756,63860.7886,94593.87419,75960.26101,47668.98707,93663.33602,82396.31666,58510.22725,57411.88858,41675.04853,46981.38144,52076.78702,35087.60746,33398.24048,100,100,100,111.99,94.97,74.65,110.89,103.01,91.62,67.97,52.1,73.57,61.65,43.87,52.3
EGFR_CSTA,EGFR,CSTA,P00533,P01040,1440.21521,1369.1838,1476.93638,2447.979159,2404.531217,2211.406384,1862.488311,1998.444889,1653.590643,2241.319222,2279.873422,2565.281908,2757.212808,2604.013362,2837.760599,100,100,100,169.97,175.62,149.73,129.32,145.96,111.96,155.62,166.51,173.69,191.44,190.19,192.14
BSG_DDOST,BSG,DDOST,P35613,P39656,35164.8125,57543.3475,22069.6825,16772.96519,23519.15622,9990.804171,21724.84543,28753.80965,13025.19555,28010.94166,48692.91736,15175.46521,23181.23942,40909.0559,11240.33191,100,100,100,47.7,40.87,45.27,61.78,49.97,59.02,79.66,84.62,68.76,65.92,71.09,50.93
EGFR_DDOST,EGFR,DDOST,P00533,P39656,19641.5352,28547.2036,21580.8814,19330.01682,26114.62451,15107.86902,11552.17466,15408.72904,11907.87884,17546.89886,27657.82803,17960.37948,11638.62042,12320.54081,13832.03319,100,100,100,98.41,91.48,70.01,58.82,53.98,55.18,89.34,96.88,83.22,59.26,43.16,64.09
EGFR_EBP,EGFR,EBP,P00533,Q15125,20603.8555,30286.8434,15427.4046,16565.93877,20933.81047,8360.022284,12877.30988,18410.28295,7517.715996,8768.993648,12562.66211,7126.297359,9018.155455,12298.29297,6957.398303,100,100,100,80.4,69.12,54.19,62.5,60.79,48.73,42.56,41.48,46.19,43.77,40.61,45.1
BSG_EGFR,BSG,EGFR,P35613,P00533,5927.56543,7372.64661,4551.36849,3372.901686,4239.692265,2093.039494,5113.268879,5082.015116,3307.997022,10459.86074,9363.593872,8423.739475,13939.2289,12753.09877,9824.579145,100,100,100,56.9,57.51,45.99,86.26,68.93,72.68,176.46,127,185.08,235.16,172.98,215.86
BSG_EHD4,BSG,EHD4,P35613,Q9H223,16067.9287,24468.7239,16531.9866,10261.50718,16716.32527,10904.06235,8420.423937,9399.423249,7196.950975,13812.88341,20906.78246,14937.61065,7139.407132,8048.618132,7554.141967,100,100,100,63.86,68.32,65.96,52.41,38.41,43.53,85.97,85.44,90.36,44.43,32.89,45.69
CD44_EHD4,CD44,EHD4,P16070,Q9H223,42906.5156,43363.8991,29134.8971,27545.66675,26890.81851,16037.33033,45727.34054,46614.08985,33317.93292,21651.76278,23618.73374,13622.36027,22201.15685,18839.6922,15689.4635,100,100,100,64.2,62.01,55.05,106.57,107.5,114.36,50.46,54.47,46.76,51.74,43.45,53.85
EGFR_EHD4,EGFR,EHD4,P00533,Q9H223,13799.4053,22489.0288,14984.0428,12382.77251,15205.27187,12830.38224,11398.74906,12493.54377,8984.432661,10786.36634,12388.55294,10853.71159,9802.952618,15503.40071,9923.980002,100,100,100,89.73,67.61,85.63,82.6,55.55,59.96,78.17,55.09,72.44,71.04,68.94,66.23
SLC3A2_EHD4,SLC3A2,EHD4,P08195,Q9H223,1450.29187,2099.44251,1206.59788,1558.291248,2090.230538,951.8795297,1407.5165,2154.348069,1123.269483,2741.401445,4944.684551,2386.197483,2543.824485,2661.083032,2196.493235,100,100,100,107.45,99.56,78.89,97.05,102.62,93.09,189.02,235.52,197.76,175.4,126.75,182.04
BSG_EPCAM,BSG,EPCAM,P35613,P16422,42069.6289,40153.3573,32893.6959,33598.43967,30872.85523,18677.31213,31603.73375,32298.29967,18511.90744,57255.7031,39090.59692,42045.6265,58218.19605,58576.94244,44804.93061,100,100,100,79.86,76.89,56.78,75.12,80.44,56.28,136.1,97.35,127.82,138.39,145.88,136.21
EGFR_EPCAM,EGFR,EPCAM,P00533,P16422,43690.1758,47277.1392,44109.8636,66425.9823,51364.41149,71666.00675,35692.46757,27349.20445,24162.40906,32709.55319,24598.1144,28585.69788,40334.5006,39230.30098,40692.63398,100,100,100,152.04,108.65,162.47,81.69,57.85,54.78,74.87,52.03,64.81,92.32,82.98,92.25
SLC3A2_EPCAM,SLC3A2,EPCAM,P08195,P16422,16550.7402,19892.8312,8789.22095,25134.46648,28715.6892,12931.00498,15084.39038,19638.10387,8782.734431,10546.96945,12676.33871,5860.25986,13176.64454,12965.13273,6199.502041,100,100,100,151.86,144.35,147.12,91.14,98.72,99.93,63.73,63.72,66.68,79.61,65.17,70.54
CD44_EPCAM,CD44,EPCAM,P16070,P16422,204977.016,179732.046,152421.319,278529.1667,229122.6078,206536.9949,177004.2023,164933.1656,119853.4355,176845.9353,118088.6489,124752.9426,129689.7421,95755.52867,92059.2867,100,100,100,135.88,127.48,135.5,86.35,91.77,78.63,86.28,65.7,81.85,63.27,53.28,60.4
BSG_ESYT2,BSG,ESYT2,P35613,A0FGR8,9294.28809,13169.8203,7132.71551,8540.022817,13239.02344,6723.942631,7375.950523,7172.601924,4319.830196,7051.248053,8082.405844,5133.575248,7139.868532,9101.400146,5605.319549,100,100,100,91.88,100.53,94.27,79.36,54.46,60.56,75.87,61.37,71.97,76.82,69.11,78.59
BSG_GLG1,BSG,GLG1,P35613,Q92896,14703.9063,13398.1994,10523.3357,6901.135662,5786.884583,3885.531313,12017.91598,7638.56873,9005.954032,12924.09943,9870.658196,9013.601958,8998.218056,7212.15944,6010.847399,100,100,100,46.93,43.19,36.92,81.73,57.01,85.58,87.9,73.67,85.65,61.2,53.83,57.12
EGFR_GLG1,EGFR,GLG1,P00533,Q92896,9418.2041,15120.9267,6555.58806,6215.782849,8491.205581,4067.627374,5901.51563,6365.984629,2804.791819,11100.47326,18447.35537,6199.00298,11446.3861,17763.00778,7503.218225,100,100,100,66,56.16,62.05,62.66,42.1,42.78,117.86,122,94.56,121.53,117.47,114.46
CD44_GLG1,CD44,GLG1,P16070,Q92896,45836.4844,71003.9229,34187.3252,20874.32557,30318.68484,14719.12093,23025.19902,32894.12898,18215.00572,9868.99969,12465.19013,5704.719096,26272.55782,28283.91071,18217.14539,100,100,100,45.54,42.7,43.05,50.23,46.33,53.28,21.53,17.56,16.69,57.32,39.83,53.29
EGFR_GNA11,EGFR,GNA11,P00533,P29992,51270.1127,60482.7519,44557.4801,47274.27285,55810.73307,29616.80182,42265.58259,50556.26169,37815.84236,25694.06758,40947.69027,25568.69392,28438.50663,47323.33635,29652.15549,100,100,100,92.21,92.28,66.47,82.44,83.59,84.87,50.12,67.7,57.38,55.47,78.24,66.55
BSG_GOLM2,BSG,GOLM2,P35613,Q6P4E1,22590.4551,25760.7995,20181.2056,19097.44441,27798.90511,19369.07729,27492.2816,27271.84198,24143.22402,12888.26648,17620.89858,8480.624495,12816.72655,17420.65732,8149.811723,100,100,100,84.54,107.91,95.98,121.7,105.87,119.63,57.05,68.4,42.02,56.74,67.62,40.38
EGFR_HAX1,EGFR,HAX1,P00533,O00165,31018.1055,46777.4743,30750.5123,18120.36717,25733.63069,19714.99801,22357.95944,36419.14054,17061.56827,12126.47121,12810.80672,12058.5228,19412.9112,26948.58466,20117.25427,100,100,100,58.42,55.01,64.11,72.08,77.86,55.48,39.09,27.39,39.21,62.59,57.61,65.42
BSG_HAX1,BSG,HAX1,P35613,O00165,21250.3516,18204.3262,18184.3083,21173.84247,19469.58787,20201.25743,22874.836,18009.86025,18807.4835,23996.20367,19685.39964,15149.9729,21945.49761,17660.32314,15618.1956,100,100,100,99.64,106.95,111.09,107.64,98.93,103.43,112.92,108.14,83.31,103.27,97.01,85.89
BSG_HM13,BSG,HM13,P35613,Q8TCT9,16756.6309,20860.4973,8928.92156,10302.35414,11226.67636,4714.720861,10566.95684,9068.337341,5596.463395,10773.48603,10763.01229,5583.85431,6694.145756,5666.020734,2440.815589,100,100,100,61.48,53.82,52.8,63.06,43.47,62.68,64.29,51.6,62.54,39.95,27.16,27.34
EGFR_HM13,EGFR,HM13,P00533,Q8TCT9,8437.36719,8042.75152,4978.77225,12710.26728,11500.80965,6678.209248,5017.448371,3755.392839,2027.890084,4046.302809,2619.674695,2435.133449,6757.382624,5332.269941,3373.92984,100,100,100,150.64,143,134.13,59.47,46.69,40.73,47.96,32.57,48.91,80.09,66.3,67.77
EGFR_HSPB1,EGFR,HSPB1,P00533,P04792,559648.438,809402.746,431077.044,317585.2628,332139.167,233513.65,324539.0748,346668.1273,201294.5117,424633.8148,413214.6923,300328.2557,339299.0771,422650.5716,271221.0484,100,100,100,56.75,41.04,54.17,57.99,42.83,46.7,75.88,51.05,69.67,60.63,52.22,62.92
BSG_ILVBL,BSG,ILVBL,P35613,A1L0T0,38741.4609,50408.4519,25261.5633,19525.68816,23273.02813,9719.982644,17959.39642,16862.48772,10347.7617,17537.73952,16572.69383,10314.6561,21839.34765,23886.1459,10636.05406,100,100,100,50.4,46.17,38.48,46.36,33.45,40.96,45.27,32.88,40.83,56.37,47.39,42.1
CD44_ITGA6,CD44,ITGA6,P16070,P23229,28961.4629,42112.5736,28216.5161,18537.03108,30717.63046,15413.84698,14794.99999,32894.45358,17348.88437,36467.46751,54042.44651,29187.4442,30693.01694,48249.32041,27192.88508,100,100,100,64.01,72.94,54.63,51.09,78.11,61.48,125.92,128.33,103.44,105.98,114.57,96.37
BSG_ITGB1,BSG,ITGB1,P35613,P05556,36213.7188,51562.9034,27259.9854,17982.3818,18238.906,11195.05478,13386.46837,13772.03634,7940.745209,20306.71404,28737.91934,11669.13364,17282.74789,20192.8659,11161.88108,100,100,100,49.66,35.37,41.07,36.97,26.71,29.13,56.07,55.73,42.81,47.72,39.16,40.95
CD44_ITGB1,CD44,ITGB1,P16070,P05556,54754.8047,61682.9301,47040.5098,59909.33933,52936.19599,52381.37476,37545.67791,29922.96339,32752.03885,26756.77619,31509.26486,20815.70912,25690.97835,33569.36178,27889.2094,100,100,100,109.41,85.82,111.35,68.57,48.51,69.63,48.87,51.08,44.25,46.92,54.42,59.29
EGFR_ITGB1,EGFR,ITGB1,P00533,P05556,17307.5586,26373.777,11358.1546,14882.72798,17765.3376,8833.060729,6526.037493,8169.465656,4548.610613,14100.01251,17003.82298,6073.886212,13189.43817,19956.7674,6591.861733,100,100,100,85.99,67.36,77.77,37.71,30.98,40.05,81.47,64.47,53.48,76.21,75.67,58.04
SLC3A2_ITGB1,SLC3A2,ITGB1,P08195,P05556,9310.55176,9123.8752,5391.1912,5967.517354,7184.169498,3290.690117,6102.006291,6874.182576,3330.940108,6650.017909,7270.051903,2727.018304,6625.099447,7730.873991,4269.749859,100,100,100,64.09,78.74,61.04,65.54,75.34,61.78,71.42,79.68,50.58,71.16,84.73,79.2
BSG_LAMP1,BSG,LAMP1,P35613,P11279,84784.1719,142434.017,77704.6935,47885.82143,63110.89883,41773.30141,51564.62819,62398.80949,45128.54681,63613.87601,92341.02666,46054.59154,45313.99362,64757.08499,34699.79078,100,100,100,56.48,44.31,53.76,60.82,43.81,58.08,75.03,64.83,59.27,53.45,45.46,44.66
CD44_LAMP1,CD44,LAMP1,P16070,P11279,800225.063,1247302.8,624618.873,741386.6115,1169724.783,478190.7954,443824.2942,640578.5995,323076.0604,470453.6501,659786.2681,244340.8415,559710.2511,630921.6367,300467.0224,100,100,100,92.65,93.78,76.56,55.46,51.36,51.72,58.79,52.9,39.12,69.94,50.58,48.1
EGFR_LAMP1,EGFR,LAMP1,P00533,P11279,100374.094,152110.917,79006.6574,98997.7303,168960.1994,83134.63604,82836.53898,146576.0937,67188.06654,89879.17045,146923.2167,75165.36684,84448.9419,154908.3032,75066.38115,100,100,100,98.63,111.08,105.22,82.53,96.36,85.04,89.54,96.59,95.14,84.13,101.84,95.01
SLC3A2_LAMP1,SLC3A2,LAMP1,P08195,P11279,24214.9824,24962.7411,17766.6779,29549.11635,26412.33355,14112.18253,23344.60806,22751.51386,16659.96862,23505.52882,24034.8631,15887.32358,33031.71609,32260.53515,21253.38717,100,100,100,122.03,105.81,79.43,96.41,91.14,93.77,97.07,96.28,89.42,136.41,129.23,119.62
BSG_LGALS3,BSG,LGALS3,P35613,P17931,6880.26221,9861.68623,4512.11724,17867.21629,23559.31117,11998.06004,13761.84158,19509.56749,7834.420402,13271.19123,17828.28592,8886.790705,13840.75254,21384.76645,8288.982855,100,100,100,259.69,238.9,265.91,200.02,197.83,173.63,192.89,180.78,196.95,201.17,216.85,183.7
BSG_LPCAT1,BSG,LPCAT1,P35613,Q8NF37,14866.8193,18040.4393,11424.1992,16241.85142,17684.86224,10170.96455,12851.77061,15850.87118,10712.58583,15348.50425,16118.05009,10738.86149,14959.14225,18895.73653,9840.233981,100,100,100,109.25,98.03,89.03,86.45,87.86,93.77,103.24,89.34,94,100.62,104.74,86.14
EGFR_MAP2K2,EGFR,MAP2K2,P00533,P36507,5146.31299,6257.65928,4015.72978,6458.198952,5250.099401,4498.127095,2580.307776,2647.443797,1596.903594,2102.529908,1934.07171,1364.150465,3087.036654,3660.966268,2237.606474,100,100,100,125.49,83.9,112.01,50.14,42.31,39.77,40.86,30.91,33.97,59.99,58.5,55.72
BSG_NAMPT,BSG,NAMPT,P35613,P43490,77193.1328,82310.2656,67025.8709,78901.39058,91032.25106,59014.45022,56232.24198,43240.06553,51727.49709,93274.39605,92510.44552,63491.35697,55253.12514,59403.6781,49775.19124,100,100,100,102.21,110.6,88.05,72.85,52.53,77.18,120.83,112.39,94.73,71.58,72.17,74.26
EGFR_NAMPT,EGFR,NAMPT,P00533,P43490,19939.0137,26454.2858,14682.3719,31246.3193,37793.28202,24394.93674,8162.086222,13613.92899,6083.711922,17912.04501,18576.61334,9476.333022,16107.6149,19941.65072,9702.353418,100,100,100,156.71,142.86,166.15,40.94,51.46,41.44,89.83,70.22,64.54,80.78,75.38,66.08
BSG_NDUFS1,BSG,NDUFS1,P35613,P28331,16915.4629,20813.293,11775.3443,14999.58841,13412.11874,7134.987256,9673.873307,8534.825244,7108.284776,7961.933786,6710.182663,4035.130312,14121.38069,18688.07967,7725.143332,100,100,100,88.67,64.44,60.59,57.19,41.01,60.37,47.07,32.24,34.27,83.48,89.79,65.6
CD44_NDUFS1,CD44,NDUFS1,P16070,P28331,15735.8291,14334.3962,14235.2447,27628.83954,20434.32557,23127.8144,17030.03543,15918.08357,10717.66988,7421.306873,5911.398627,6743.076348,12480.88889,11494.06262,10234.22815,100,100,100,175.58,142.55,162.47,108.22,111.05,75.29,47.16,41.24,47.37,79.32,80.19,71.89
EGFR_NDUFS1,EGFR,NDUFS1,P00533,P28331,853.69495,863.78562,671.19119,2401.282896,1607.710024,1956.296336,1463.584576,1433.071345,994.5418138,967.2796445,1124.263278,766.1696983,1356.742024,1164.651728,834.8285703,100,100,100,281.28,186.12,291.47,171.44,165.91,148.18,113.31,130.16,114.15,158.93,134.83,124.38
BSG_PFKP,BSG,PFKP,P35613,Q01813,29784.4258,46528.0386,26757.5537,19074.638,22506.45281,13967.85441,17358.26471,27792.66948,13232.62596,21309.62914,22576.30099,18216.68057,17566.6759,19495.04168,13030.73903,100,100,100,64.04,48.37,52.2,58.28,59.73,49.45,71.55,48.52,68.08,58.98,41.9,48.7
CD44_PFKP,CD44,PFKP,P16070,Q01813,37719.2969,32418.2269,32569.5944,49213.66685,43995.83276,35596.08736,27542.69453,19235.26719,22855.33614,29304.30025,23452.33018,22321.71087,28083.90232,20098.14803,23227.32436,100,100,100,130.47,135.71,109.29,73.02,59.33,70.17,77.69,72.34,68.54,74.45,62,71.32
EGFR_PFKP,EGFR,PFKP,P00533,Q01813,23498.7871,28101.4945,19762.574,32630.46887,29892.25873,24472.26885,14564.86658,16880.69969,9417.974043,19478.39336,24621.36294,11180.96538,15346.62914,17717.75786,14165.48401,100,100,100,138.86,106.37,123.83,61.98,60.07,47.66,82.89,87.62,56.58,65.31,63.05,71.68
EGFR_PGRMC1,EGFR,PGRMC1,P00533,O00264,57668.7344,70202.4571,47651.0409,72008.03003,85226.61523,53518.55913,42118.65526,50033.46204,29723.84722,50004.72488,66939.93892,29374.4575,83786.18508,80506.67942,60983.34992,100,100,100,124.86,121.4,112.31,73.04,71.27,62.38,86.71,95.35,61.64,145.29,114.68,127.98
EGFR_PHB1,EGFR,PHB1,P00533,P35232,131876.813,187902.039,84614.2729,190783.354,177545.5579,90683.51835,114121.1317,112623.8625,79006.47732,88072.37909,115313.587,37831.97431,131106.4228,143783.3189,63726.77191,100,100,100,144.67,94.49,107.17,86.54,59.94,93.37,66.78,61.37,44.71,99.42,76.52,75.31
SLC3A2_PHB1,SLC3A2,PHB1,P08195,P35232,119157.484,200698.143,76096.3527,78441.88838,104104.3147,35822.6191,32525.54653,59525.12903,22735.82201,63912.46657,105473.9093,42438.61494,41885.68839,70477.23023,20571.88297,100,100,100,65.83,51.87,47.08,27.3,29.66,29.88,53.64,52.55,55.77,35.15,35.12,27.03
BSG_PHB1,BSG,PHB1,P35613,P35232,461236.031,650947.023,279170.488,491115.616,473606.4225,315456.5444,380178.362,638994.7476,206154.951,382809.0983,594452.9019,223134.8391,532220.9342,686862.1529,276991.2044,100,100,100,106.48,72.76,113,82.43,98.16,73.85,83,91.32,79.93,115.39,105.52,99.22
CD44_PLAUR,CD44,PLAUR,P16070,Q03405,13027.2119,12906.5799,10754.1979,15219.71772,10982.93325,8258.290755,15580.61356,17192.79711,12158.36173,14284.23011,14806.29974,13333.41254,16232.73826,17284.23229,12479.48599,100,100,100,116.83,85.1,76.79,119.6,133.21,113.06,109.65,114.72,123.98,124.61,133.92,116.04
CD44_PTK7,CD44,PTK7,P16070,Q13308,37828.0625,50614.3259,24236.2505,20588.94036,23498.07054,13414.95442,21375.49681,21411.2885,12462.74522,14122.88841,18637.68297,7642.513655,18855.10164,24163.1751,11006.3037,100,100,100,54.43,46.43,55.35,56.51,42.3,51.42,37.33,36.82,31.53,49.84,47.74,45.41
CD44_RAP2C,CD44,RAP2C,P16070,Q9Y3L5,27463.4961,40457.0254,14753.3901,17149.15709,24076.93206,9762.883561,33944.81966,52378.52028,15893.03354,15951.89422,24634.99872,7953.477843,14322.19309,26320.43125,8294.15809,100,100,100,62.44,59.51,66.17,123.6,129.47,107.72,58.08,60.89,53.91,52.15,65.06,56.22
CD44_S100A8,CD44,S100A8,P16070,P05109,20224.7402,25055.6217,11763.6999,24533.35231,35047.6022,13572.78688,21471.03865,24499.30571,9546.416951,13275.71811,14804.21864,6282.385899,22962.28883,19442.14398,14205.03275,100,100,100,121.3,139.88,115.38,106.16,97.78,81.15,65.64,59.09,53.4,113.54,77.6,120.75
EGFR_S100A9,EGFR,S100A9,P00533,P06702,4146.29541,6773.55403,2927.50431,5882.863024,9873.576009,3809.975701,3279.406981,4061.368939,1820.256177,3007.371802,5030.923106,2301.153138,6443.810396,8960.258151,4202.349722,100,100,100,141.88,145.77,130.14,79.09,59.96,62.18,72.53,74.27,78.6,155.41,132.28,143.55
CD44_S100A9,CD44,S100A9,P16070,P06702,14089.999,12234.9098,15710.8139,23836.3231,19538.7361,20045.60979,19413.90752,12517.22942,15199.53703,9985.877589,7732.919972,8211.532328,14471.18913,11977.70208,15150.27554,100,100,100,169.17,159.7,127.59,137.79,102.31,96.75,70.87,63.2,52.27,102.71,97.9,96.43
BSG_SACM1L,BSG,SACM1L,P35613,Q9NTJ5,15498.8457,25377.19,15881.9152,4052.978249,5265.878737,4090.605203,27674.8638,42623.89288,22322.97267,3066.747036,5096.488607,3029.444576,4835.866885,5828.955373,4096.274185,100,100,100,26.15,20.75,25.76,178.56,167.96,140.56,19.79,20.08,19.07,31.2,22.97,25.79
BSG_SAMHD1,BSG,SAMHD1,P35613,Q9Y3Z3,21835.0117,26769.2877,22295.7086,15900.93302,19048.39295,13786.67472,19460.04966,28390.05213,20837.2479,19842.46561,26747.19268,18013.15032,16766.67664,25947.90698,19012.80142,100,100,100,72.82,71.16,61.84,89.12,106.05,93.46,90.87,99.92,80.79,76.79,96.93,85.28
EGFR_SAMHD1,EGFR,SAMHD1,P00533,Q9Y3Z3,12720.0508,12099.6939,12354.2857,16659.19028,12199.91551,17512.10559,15191.40975,10321.86527,15519.16309,13383.50906,9328.490256,13942.49937,13606.50245,11909.07107,10349.04734,100,100,100,130.97,100.83,141.75,119.43,85.31,125.62,105.22,77.1,112.86,106.97,98.42,83.77
EGFR_SLC12A2,EGFR,SLC12A2,P00533,P55011,12672.4453,20638.9781,13731.2915,8176.382032,11978.02678,7729.079843,6272.913521,9469.971867,5683.486645,5204.601189,6451.444173,5037.458056,4699.329822,7848.88248,3681.197711,100,100,100,64.52,58.04,56.29,49.5,45.88,41.39,41.07,31.26,36.69,37.08,38.03,26.81
BSG_SLC16A3,BSG,SLC16A3,P35613,O15427,40353.5703,65802.953,31912.0877,23703.48135,28513.04263,14249.00987,16718.63223,25756.42961,14233.91401,16508.42778,18205.20932,13861.99625,18154.61637,27461.56479,12668.66199,100,100,100,58.74,43.33,44.65,41.43,39.14,44.6,40.91,27.67,43.44,44.99,41.73,39.7
CD44_SLC16A3,CD44,SLC16A3,P16070,O15427,47635.6445,69228.4058,32198.7423,49949.88176,54097.48552,25941.14362,44256.32539,64570.68519,27965.00204,64588.02141,75372.75723,37921.77596,51819.34263,79038.29126,33540.13128,100,100,100,104.86,78.14,80.57,92.91,93.27,86.85,135.59,108.88,117.77,108.78,114.17,104.17
SLC3A2_SLC16A3,SLC3A2,SLC16A3,P08195,O15427,4200.16211,5177.87584,2601.65181,3659.237945,4590.158909,1852.442097,6064.194894,7718.408473,2623.450883,5627.685067,7475.64666,2416.0312,6252.045339,7339.445338,2702.045359,100,100,100,87.12,88.65,71.2,144.38,149.07,100.84,133.99,144.38,92.87,148.85,141.75,103.86
BSG_SLC25A11,BSG,SLC25A11,P35613,Q02978,27212.3301,39687.2786,17825.9811,11924.94302,13216.12269,7260.324594,21713.62373,25302.57241,9712.393111,15029.29835,18523.2411,8592.533826,17694.49763,23706.59488,10677.40544,100,100,100,43.82,33.3,40.73,79.79,63.75,54.48,55.23,46.67,48.2,65.02,59.73,59.9
EGFR_SLC25A11,EGFR,SLC25A11,P00533,Q02978,23009.0703,28760.1874,22875.5257,27679.7153,26616.09553,30102.27667,10277.49155,12697.07596,7576.222573,11234.09997,13130.59293,11953.624,17927.21051,16724.29794,13158.83977,100,100,100,120.3,92.54,131.59,44.67,44.15,33.12,48.82,45.66,52.26,77.91,58.15,57.52
BSG_SLC25A3,BSG,SLC25A3,P35613,Q00325,368837.906,445253.744,337413.286,198521.6592,159428.0785,164936.2155,233293.8668,304242.3941,144259.5342,210669.6683,271197.7206,158568.7665,200502.7093,283375.8653,178245.1231,100,100,100,53.82,35.81,48.88,63.25,68.33,42.75,57.12,60.91,47,54.36,63.64,52.83
EGFR_SLC25A3,EGFR,SLC25A3,P00533,Q00325,161796.953,187902.892,180860.841,198454.1011,151064.6231,205032.9898,107775.5579,95482.23056,82196.01495,110647.6818,141067.1574,115968.4113,111938.378,105550.6042,105130.983,100,100,100,122.66,80.4,113.37,66.61,50.81,45.45,68.39,75.07,64.12,69.18,56.17,58.13
BSG_SLC25A4,BSG,SLC25A4,P35613,P12235,53605.7383,73049.0756,59036.0532,42299.55873,54631.96476,41235.70873,26007.67686,30693.6099,29824.63387,25587.111,37384.22201,21862.48143,32159.39408,45646.18598,27185.66297,100,100,100,78.91,74.79,69.85,48.52,42.02,50.52,47.73,51.18,37.03,59.99,62.49,46.05
EGFR_SLC25A4,EGFR,SLC25A4,P00533,P12235,29669.293,33571.6951,21191.6485,31370.3294,37834.26625,16595.69766,20267.51034,15969.37131,13584.57158,18021.13017,13929.60301,11693.26566,21024.75849,28067.6313,17131.51804,100,100,100,105.73,112.7,78.31,68.31,47.57,64.1,60.74,41.49,55.18,70.86,83.61,80.84
SLC3A2_SLC25A4,SLC3A2,SLC25A4,P08195,P12235,8123.11035,8836.23821,7268.4048,10879.65186,12643.92017,9774.040091,8477.03703,7681.842956,7226.620236,8637.242474,8178.600057,5887.912362,7259.83596,7606.008047,4234.9783,100,100,100,133.93,143.09,134.47,104.36,86.94,99.43,106.33,92.56,81.01,89.37,86.08,58.27
BSG_SLC25A5,BSG,SLC25A5,P35613,P05141,367927.625,573945.019,246457.791,230210.3377,292186.1793,102635.7629,286046.9914,372032.7097,166185.0272,222014.6719,256754.8878,149685.5662,225426.7944,319191.2521,128142.6896,100,100,100,62.57,50.91,41.64,77.75,64.82,67.43,60.34,44.74,60.73,61.27,55.61,51.99
EGFR_SLC25A5,EGFR,SLC25A5,P00533,P05141,220393.109,196376.872,121595.507,251507.7916,166598.9152,135702.4259,203381.2351,129402.8957,92579.73417,236347.1039,198239.0122,122704.1991,160826.7879,124753.9807,79121.00607,100,100,100,114.12,84.84,111.6,92.28,65.9,76.14,107.24,100.95,100.91,72.97,63.53,65.07
SLC3A2_SLC25A5,SLC3A2,SLC25A5,P08195,P05141,72559.9688,118951.185,64994.6487,68135.46696,130532.903,60043.42357,68761.10223,124744.7546,56152.34834,74096.83828,125551.7481,63841.61144,71117.79487,124983.8733,59483.21788,100,100,100,93.9,109.74,92.38,94.76,104.87,86.4,102.12,105.55,98.23,98.01,105.07,91.52
BSG_SLC26A6,BSG,SLC26A6,P35613,Q9BXS9,314117.313,359680.029,322650.938,319171.6742,326362.5,360446.5587,247906.6163,283328.9651,196392.2533,241518.2985,266000.1249,207129.1222,167771.0602,148196.5262,146700.143,100,100,100,101.61,90.74,111.71,78.92,78.77,60.87,76.89,73.95,64.2,53.41,41.2,45.47
EGFR_SLC26A6,EGFR,SLC26A6,P00533,Q9BXS9,143315.125,148533.229,80834.4599,164803.2832,126510.9372,93512.21718,111866.4822,86355.24836,51908.13611,66933.64246,62772.84957,24854.16726,123913.4742,114268.8582,51897.07744,100,100,100,114.99,85.17,115.68,78.06,58.14,64.22,46.7,42.26,30.75,86.46,76.93,64.2
BSG_SLC27A4,BSG,SLC27A4,P35613,Q6P1M0,30830.6602,46481.2282,16510.3735,5005.910816,6350.701158,1745.681077,11584.40278,17518.26138,4700.324203,7122.446738,7177.288803,2557.915896,5794.103048,12082.3133,2842.580656,100,100,100,16.24,13.66,10.57,37.57,37.69,28.47,23.1,15.44,15.49,18.79,25.99,17.22
CD44_SLC39A3,CD44,SLC39A3,P16070,Q9BRY0,31151.2656,36736.9991,25662.5684,36388.31607,29556.83027,20943.04518,32810.61034,26107.14842,24493.90329,60682.69966,62834.37274,42659.57363,60311.59525,61799.30629,54552.1358,100,100,100,116.81,80.46,81.61,105.33,71.07,95.45,194.8,171.04,166.23,193.61,168.22,212.57
BSG_SLC3A2,BSG,SLC3A2,P35613,P08195,19266.8652,17308.3884,20777.9847,14270.17411,10951.40904,12390.62001,16283.51495,10663.44243,17389.431,12589.06893,9020.030263,14372.70052,12520.45257,8490.363027,11960.33003,100,100,100,74.07,63.27,59.63,84.52,61.61,83.69,65.34,52.11,69.17,64.98,49.05,57.56
BSG_SLC7A1,BSG,SLC7A1,P35613,P30825,19820.5488,21359.6144,20470.9998,9288.605801,9167.035314,9491.259971,13720.48144,19624.91863,16123.88824,14071.18273,18725.92783,12527.54175,25581.89554,30025.49107,24287.85788,100,100,100,46.86,42.92,46.36,69.22,91.88,78.76,70.99,87.67,61.2,129.07,140.57,118.65
EGFR_SLC7A1,EGFR,SLC7A1,P00533,P30825,15329.791,15702.7648,8106.85338,18134.77285,18215.06033,8898.469944,8080.359479,7794.904781,2922.1844,8051.558067,6753.343978,3981.567392,9885.943868,8926.684841,4803.314584,100,100,100,118.3,116,109.76,52.71,49.64,36.05,52.52,43.01,49.11,64.49,56.85,59.25
BSG_SLC7A5,BSG,SLC7A5,P35613,Q01650,14110.7539,15556.2595,13775.9904,17843.14511,20729.12246,16480.60497,13386.87677,9669.296081,13029.29451,18609.26182,19783.18784,12137.70928,22210.29842,15960.64223,16377.45792,100,100,100,126.45,133.25,119.63,94.87,62.16,94.58,131.88,127.17,88.11,157.4,102.6,118.88
EGFR_SLC7A5,EGFR,SLC7A5,P00533,Q01650,9545.10156,12278.2459,6846.24319,10966.86267,10427.97873,8106.546598,12060.45813,11020.41824,6546.69993,8760.307357,10864.86231,5208.078638,10703.34313,10511.14754,7518.46434,100,100,100,114.9,84.93,118.41,126.35,89.76,95.62,91.78,88.49,76.07,112.13,85.61,109.82
SLC3A2_SLC7A5,SLC3A2,SLC7A5,P08195,Q01650,44546.3125,75227.5852,38639.026,6722.35047,11789.66262,4511.716854,21119.17253,37253.16516,18600.48169,23700.05705,33198.66899,16682.77842,9136.331047,16288.37318,5675.793926,100,100,100,15.09,15.67,11.68,47.41,49.52,48.14,53.2,44.13,43.18,20.51,21.65,14.69
BSG_SPINT2,BSG,SPINT2,P35613,O43291,29569.3984,45557.8679,22758.8859,16391.73237,22315.74007,8824.624772,12592.03114,13427.20256,7474.798263,15611.30336,26420.94007,11547.41085,19014.59209,28743.4502,10390.0388,100,100,100,55.43,48.98,38.77,42.58,29.47,32.84,52.8,57.99,50.74,64.3,63.09,45.65
CD44_SPINT2,CD44,SPINT2,P16070,O43291,76171.3984,68265.569,68471.9935,67391.37808,65303.46521,40416.19095,76309.33719,65955.9037,47139.8499,28247.82764,20469.49333,21173.05933,63832.89798,54280.36447,53275.65566,100,100,100,88.47,95.66,59.03,100.18,96.62,68.85,37.08,29.99,30.92,83.8,79.51,77.81
CD44_SRC,CD44,SRC,P16070,P12931,24628.4805,28768.528,20496.8558,20370.39527,25937.84356,16614.54507,13467.19835,10365.65047,9921.965801,9669.20634,10319.3112,5364.531808,9039.482348,11025.20001,6752.67787,100,100,100,82.71,90.16,81.06,54.68,36.03,48.41,39.26,35.87,26.17,36.7,38.32,32.94
EGFR_SRC,EGFR,SRC,P00533,P12931,20997.5879,22798.971,18514.5181,12843.96891,9200.776536,7764.831977,14813.95503,16128.11249,11920.3699,13163.94964,14498.82234,10388.60192,12376.09039,14752.32425,10476.05357,100,100,100,61.17,40.36,41.94,70.55,70.74,64.38,62.69,63.59,56.11,58.94,64.71,56.58
BSG_STEAP3,BSG,STEAP3,P35613,Q658P3,24654.291,29277.4637,20605.8345,15451.73707,19065.96842,13413.04863,8771.784144,8589.27286,7349.633363,7244.256713,5606.80956,5266.001344,19465.2954,22015.36443,16437.95275,100,100,100,62.67,65.12,65.09,35.58,29.34,35.67,29.38,19.15,25.56,78.95,75.2,79.77
BSG_SURF4,BSG,SURF4,P35613,O15260,141266.781,156325.82,76245.0722,71238.73787,95438.20625,31334.60616,104957.41,125595.498,47983.71655,109206.6036,91341.77323,54094.67162,104105.0173,106568.0175,67060.75328,100,100,100,50.43,61.05,41.1,74.3,80.34,62.93,77.31,58.43,70.95,73.69,68.17,87.95
CD44_SURF4,CD44,SURF4,P16070,O15260,122855.523,145693.137,70036.9854,108815.4591,140334.4425,50967.62073,51810.6061,53200.50747,29185.39107,56245.73765,53835.91952,32053.76403,72736.70748,72482.37432,35148.18989,100,100,100,88.57,96.32,72.77,42.17,36.52,41.67,45.78,36.95,45.77,59.21,49.75,50.19
BSG_SYMPK,BSG,SYMPK,P35613,Q92797,7377.1167,6402.52581,5298.34112,3603.711372,2216.172566,2392.76905,5175.710088,3950.936927,2799.061318,12654.8781,10067.05643,8142.925467,14981.56198,11183.44938,11262.76517,100,100,100,48.85,34.61,45.16,70.16,61.71,52.83,171.54,157.24,153.69,203.08,174.67,212.57
EGFR_TGM1,EGFR,TGM1,P00533,P22735,6438.41406,7570.9311,4617.03823,12236.95922,9601.420566,7813.037438,5609.757019,6046.100216,4176.553115,4754.965741,3921.167814,3353.186796,6482.450366,6242.163769,3921.75926,100,100,100,190.06,126.82,169.22,87.13,79.86,90.46,73.85,51.79,72.63,100.68,82.45,84.94
CD44_TMED1,CD44,TMED1,P16070,Q13445,39035.168,36527.5488,35175.6828,26419.72003,27001.68607,24486.54073,17605.52081,17811.12176,10986.3932,20122.1736,17406.95454,15839.05461,24642.91678,15857.57104,24119.50555,100,100,100,67.68,73.92,69.61,45.1,48.76,31.23,51.55,47.65,45.03,63.13,43.41,68.57
BSG_TMED10,BSG,TMED10,P35613,P49755,7112.74463,7165.94796,7141.914,9768.960632,7232.122291,10592.76409,7336.15978,5195.823171,7374.569233,9491.772137,9123.743795,7506.56828,9221.029923,7280.482629,9522.166934,100,100,100,137.34,100.92,148.32,103.14,72.51,103.26,133.45,127.32,105.11,129.64,101.6,133.33
EGFR_TMED10,EGFR,TMED10,P00533,P49755,2088.78833,2244.17329,2049.76976,3661.576532,3552.327627,2445.912384,4341.17334,4115.660144,3314.129402,4706.3293,5418.82769,4718.588483,4130.036297,3290.901065,3286.526768,100,100,100,175.3,158.29,119.33,207.83,183.39,161.68,225.31,241.46,230.2,197.72,146.64,160.34
EGFR_TNFRSF10B,EGFR,TNFRSF10B,P00533,O14763,21588.3398,36589.8613,18245.6445,9542.200332,16794.50757,8415.197228,7007.912514,16341.75414,5654.06498,8957.415341,15734.14882,7062.86727,7577.183035,12293.47525,6055.636501,100,100,100,44.2,45.9,46.12,32.46,44.66,30.99,41.49,43,38.71,35.1,33.6,33.19
SLC3A2_TNFRSF10B,SLC3A2,TNFRSF10B,P08195,O14763,4398.41211,6758.81997,2633.1446,12541.92127,17057.93536,7770.061598,8627.624212,8982.713133,3848.335414,6903.317439,8754.44992,2872.492684,11240.41208,17560.16767,5293.092026,100,100,100,285.15,252.38,295.09,196.15,132.9,146.15,156.95,129.53,109.09,255.56,259.81,201.02
BSG_TUBB,BSG,TUBB,P35613,P07437,2045744.38,3362835.52,1374891.61,1048490.556,1309141.486,750529.7731,1278938.239,2066120.86,937278.0397,908412.4769,1038910.368,606954.9685,893419.738,1562143.031,472435.4834,100,100,100,51.25,38.93,54.59,62.52,61.44,68.17,44.4,30.89,44.15,43.67,46.45,34.36
BSG_TUFM,BSG,TUFM,P35613,P49411,412016.219,511744.745,279156.233,361461.8289,495573.6111,209267.3234,352682.2614,550955.7579,256755.0712,384457.9015,514638.0257,255657.6763,336258.0045,519875.2365,249412.3641,100,100,100,87.73,96.84,74.96,85.6,107.66,91.98,93.31,100.57,91.58,81.61,101.59,89.35
CD44_TUFM,CD44,TUFM,P16070,P49411,1269341,1218605.44,1413734.89,1602318.035,1362648.71,1828758.324,1573660.694,1527561.143,1548503.656,999546.3315,801501.2764,1030579.803,811372.8026,527188.1023,664740.0335,100,100,100,126.23,111.82,129.36,123.97,125.35,109.53,78.75,65.77,72.9,63.92,43.26,47.02
BSG_VDAC1,BSG,VDAC1,P35613,P21796,21010.1133,20519.7372,11602.1207,15082.07298,11176.13642,8248.191371,39625.99014,41269.32572,16115.73322,26327.66246,21414.96046,11225.80096,24236.88201,18020.16918,14215.54155,100,100,100,71.78,54.47,71.09,188.6,201.12,138.9,125.31,104.36,96.76,115.36,87.82,122.53
EGFR_VDAC1,EGFR,VDAC1,P00533,P21796,7135.08203,6148.44289,7674.9152,8045.047439,7995.15544,9815.060512,12120.53081,8148.279648,8950.674723,14771.1537,11396.40766,17722.44899,15194.28219,10637.71497,15278.73661,100,100,100,112.75,130.04,127.88,169.87,132.53,116.62,207.02,185.35,230.91,212.95,173.01,199.07
SLC3A2_VDAC1,SLC3A2,VDAC1,P08195,P21796,9039.62793,8895.17468,5496.04858,12029.19885,10028.99312,4984.0622,8871.912585,9449.624194,4927.016375,17427.46994,18703.36243,7968.794271,21634.25705,18829.92796,13966.80225,100,100,100,133.07,112.75,90.68,98.14,106.23,89.65,192.79,210.26,144.99,239.33,211.69,254.12
BSG_VIM,BSG,VIM,P35613,P08670,9477566,15896247.6,9372004.87,3063164.476,4107944.893,1970364.751,7385805.845,8530392.482,5297551.691,3546138.273,5869309.469,2742929.958,3433844.1,5586632.576,2299193.324,100,100,100,32.32,25.84,21.02,77.93,53.66,56.53,37.42,36.92,29.27,36.23,35.14,24.53
BSG_VMP1,BSG,VMP1,P35613,Q96GC9,137024.25,217824.71,115623.255,44222.17228,91957.83119,34748.56129,32690.45635,95053.87276,38204.28418,34072.48591,89036.05237,37876.32201,29589.18561,68918.31947,28280.64848,100,100,100,32.27,42.22,30.05,23.86,43.64,33.04,24.87,40.88,32.76,21.59,31.64,24.46
BSG_WLS,BSG,WLS,P35613,Q5T9L3,23755.9609,30174.584,19536.0471,15525.10869,17871.69463,12704.73081,11008.75162,11011.77491,7226.71774,12204.87392,13939.70091,9792.652439,13144.78001,17855.76394,10350.70196,100,100,100,65.35,59.23,65.03,46.34,36.49,36.99,51.38,46.2,50.13,55.33,59.17,52.98
EGFR_XP32,EGFR,XP32,P00533,Q5T750,12349.1641,12308.9058,7531.55758,40887.17047,27689.81501,22576.94591,19044.942,19729.26133,10381.55442,37281.02611,29876.22987,19079.83853,26457.43365,26980.09297,10488.86161,100,100,100,331.09,224.96,299.76,154.22,160.28,137.84,301.89,242.72,253.33,214.24,219.19,139.27