Pair,HM,HM,HM,Und,Und,Und,Fuc,Fuc,Fuc,Sia,Sia,Sia,SiaFuc,SiaFuc,SiaFuc,Bait,Prey,BaitID,PreyID,Rank
Pair,1,2,3,1,2,3,1,2,3,1,2,3,1,2,3,Bait,Prey,BaitID,PreyID,Rank
BSG_SLC25A5,367927.625,573945.0193,246457.7913,259885.017,359114.3142,151693.0652,300897.6324,446216.144,323567.5609,298238.5939,346329.5672,236941.3175,309335.2161,351652.2737,183945.5676,BSG,SLC25A5,P35613,P05141,1
BSG_LAMP1,84784.17188,142434.0174,77704.69352,66681.25338,80446.26451,42947.06146,55416.85079,86626.51281,48832.99641,64843.61815,106868.7671,39946.26252,55770.55829,76125.69666,48141.48054,BSG,LAMP1,P35613,P11279,1
BSG_EPCAM,42069.62891,40153.35731,32893.69594,34524.81672,32068.03076,32311.63787,33037.81261,30164.18367,19744.48707,35930.45427,54647.70581,31715.70419,33651.49445,55566.35719,20152.83683,BSG,EPCAM,P35613,P16422,1
BSG_ATP2A2,92204.39063,100291.6377,103225.2126,72232.81377,118154.8251,70049.28805,64356.48931,106125.138,34011.9541,72277.7847,115155.1349,69693.05884,68540.93576,87171.0475,64958.78083,BSG,ATP2A2,P35613,P16615,1
BSG_VDAC1,21010.11328,20519.73724,11602.12072,13327.5946,14730.05738,11623.34177,25439.17092,38701.1195,25992.06586,19807.8581,25713.17484,10322.42948,19932.9649,23671.19313,12633.19422,BSG,VDAC1,P35613,P21796,1
BSG_PHB1,461236.0313,650947.0233,279170.4877,435500.4449,693116.378,234345.4024,437756.3392,471454.8222,326451.0991,470904.3249,410072.9042,423833.1995,461171.6577,751128.7258,388355.8812,BSG,PHB1,P35613,P35232,1
BSG_SLC25A11,27212.33008,39687.27856,17825.98106,18478.40994,17899.18511,14082.35926,22419.8403,31667.80022,18310.59745,20538.38401,21919.17957,11147.22846,21581.22897,25806.18617,19385.87845,BSG,SLC25A11,P35613,Q02978,1
BSG_TMED10,7112.744629,7165.947959,7141.913995,7226.108798,9842.032445,5692.865807,6587.785574,7391.034269,3910.081311,6494.726674,9562.770607,4314.979497,5923.122615,9290.003203,4839.505102,BSG,TMED10,P35613,P49755,1
BSG_SYMPK,7377.116699,6402.525812,5298.341116,3022.852975,3127.625059,2184.712577,4870.956121,4491.947025,5151.040969,6469.975484,10983.04218,3366.897602,8729.220051,13002.34785,9049.87922,BSG,SYMPK,P35613,Q92797,1
BSG_ATP2B1,19290.85938,26199.49484,18861.81137,18074.36111,27892.89629,14083.41565,14464.56492,22893.0669,14421.1423,19397.79863,32223.81707,20063.3371,18846.59402,24318.89106,11937.62112,BSG,ATP2B1,P35613,P20020,1
BSG_ARF6,26767.1543,31533.58146,27603.94907,20908.34637,17879.98148,19957.20478,17857.78913,22015.26102,12946.32567,19002.74195,31115.84977,13990.00865,20985.00589,23165.13815,16860.69677,BSG,ARF6,P35613,P62330,1
BSG_SLC16A3,40353.57031,65802.95297,31912.08765,22895.98733,38652.31893,25550.79995,21908.77627,27262.40484,18321.41133,28922.20641,26919.63284,15396.33167,23297.58377,29604.00673,22994.87827,BSG,SLC16A3,P35613,O15427,1
BSG_LGALS3,6880.262207,9861.686229,4512.117237,17899.18511,25609.61707,10881.98858,11586.28282,10849.74282,9461.706139,14123.82275,15077.32202,15496.61595,12374.46174,19838.36582,13393.25117,BSG,LGALS3,P35613,P17931,1
BSG_SLC7A5,14110.75391,15556.25954,13775.99038,21959.46755,34293.88087,14010.29401,11455.67258,14758.22843,6167.207157,13753.16394,20515.59464,13372.24255,15859.42275,24485.52138,12908.19035,BSG,SLC7A5,P35613,Q01650,1
BSG_STEAP3,24654.29102,29277.46367,20605.83454,12085.78748,18349.24683,7801.36373,8675.930436,10416.66912,6369.191404,10105.13054,8602.699733,5673.272914,14950.79723,23115.4276,14603.44536,BSG,STEAP3,P35613,Q658P3,1
BSG_VMP1,137024.25,217824.7097,115623.2545,4467.381119,4951.689906,3789.2416,5635.541086,8402.422692,4675.374502,0,0,0,3706.892657,3472.394627,2419.347975,BSG,VMP1,P35613,Q96GC9,1
BSG_SACM1L,15498.8457,25377.19,15881.91517,5413.183849,6636.184476,3649.303305,38197.51758,45313.7151,28468.83903,3335.748502,5021.368934,2854.710217,4786.492368,7918.055,4770.49591,BSG,SACM1L,P35613,Q9NTJ5,1
BSG_ATXN10,7640.524902,8451.108189,6444.553539,14906.87539,22918.87371,15528.2834,16371.45814,21514.71543,13788.20576,17301.07965,16017.51255,17992.22318,18387.20159,23456.18532,20343.45274,BSG,ATXN10,P35613,Q9UBB4,1
BSG_ATP5F1B,231382.3906,225845.41,220184.4084,193840.9342,249762.1053,188341.6669,183840.2459,255383.516,190885.0041,196981.0581,215304.2361,140977.1765,202458.8219,336203.1197,212986.8831,BSG,ATP5F1B,P35613,P06576,2
BSG_ATP5F1A,1152687.625,1101911.735,1050341.643,926907.9059,1332189.119,987621.3007,895785.7076,1152625.386,656399.5183,943077.0729,977197.6013,993824.9932,863319.3927,894761.485,489092.8823,BSG,ATP5F1A,P35613,P25705,2
BSG_SLC7A1,19820.54883,21359.61444,20470.99978,9493.693921,10009.86606,8960.224273,8750.451645,12649.91541,7705.560214,11337.4281,15163.81009,12471.57906,33268.24746,48927.94422,26657.21459,BSG,SLC7A1,P35613,P30825,2
BSG_SURF4,141266.7813,156325.8201,76245.07224,87788.04609,78832.78751,85751.80236,90888.78547,116145.8701,79122.14153,109865.8386,120848.0278,92642.61056,143065.495,162100.3591,146071.5872,BSG,SURF4,P35613,O15260,3
BSG_ATP5PO,67729.30469,69278.95118,72822.48067,53029.64055,79607.56609,52474.63233,56181.91433,72280.84189,40673.06543,59900.77635,81108.0472,39790.0491,55368.74299,81277.99259,30083.60987,BSG,ATP5PO,P35613,P48047,3
BSG_SLC25A3,368837.9063,445253.7437,337413.2855,191814.7071,239651.3769,173923.7658,260185.78,281627.6901,247273.8005,258456.6865,254316.2104,260460.5012,273466.457,286568.235,175788.8875,BSG,SLC25A3,P35613,Q00325,3
BSG_GLG1,14703.90625,13398.19938,10523.33574,6282.221048,6288.314803,4085.755539,8804.390648,10950.725,6117.317036,10247.33243,11776.43937,10731.37542,9317.245765,8199.176274,8499.517691,BSG,GLG1,P35613,Q92896,3
BSG_CPNE1,5404.05957,7299.479424,3267.153911,5044.860031,6080.418449,5569.777717,6045.20755,9775.463321,4044.594473,4284.335689,5815.900012,3749.809116,4357.627275,6402.313145,3429.953793,BSG,CPNE1,P35613,Q99829,3
BSG_SAMHD1,21835.01172,26769.28767,22295.70863,11877.45289,19494.22589,11850.36042,15267.00435,15826.8454,13864.33306,14906.3795,24326.46602,16674.15686,14732.18205,17878.68149,11361.07576,BSG,SAMHD1,P35613,Q9Y3Z3,3
BSG_CSE1L,84468.36719,79986.47562,63860.78858,53628.56716,89574.72316,46308.26774,66073.34861,88693.5595,56803.05958,55500.60108,54365.61378,35835.4616,56904.01995,49313.59273,36554.06124,BSG,CSE1L,P35613,P55060,3
BSG_PFKP,29784.42578,46528.03858,26757.55373,22718.53956,29797.63649,17732.29721,25145.95015,27116.3868,26653.72646,20791.10263,33289.05024,15117.87604,23917.89564,27441.95839,12824.63214,BSG,PFKP,P35613,Q01813,3
BSG_RPN2,12443.35352,11545.44113,9813.699617,7646.654089,6908.140237,8548.416359,8206.294808,13827.68881,6822.754535,9949.650851,12743.9108,7637.700231,9991.435212,11227.7754,5483.589396,BSG,RPN2,P35613,P04844,3
BSG_TUFM,412016.2188,511744.7445,279156.2328,336790.699,295449.6407,335205.4252,291082.2652,386874.5279,252538.0249,367074.2934,477515.9361,292943.2728,320137.5841,315300.3052,325624.4221,BSG,TUFM,P35613,P49411,3
BSG_TUBB,2045744.375,3362835.519,1374891.605,1397131.809,1723529.743,1250403.63,2103248.648,2102344.251,1673853.61,1524815.017,1493266.594,938232.4031,1477218.642,1468621.23,1597628.211,BSG,TUBB,P35613,P07437,3
BSG_SLC25A4,53605.73828,73049.07561,59036.05317,36322.52537,57642.03164,27537.84997,40364.1348,35440.92128,42827.55794,40606.29341,34867.81203,35627.92123,48514.90653,73043.55812,36672.75745,BSG,SLC25A4,P35613,P12235,3
BSG_ARF5,11374.70313,17435.48619,6340.225398,4638.134097,4058.320953,4991.239884,10140.66339,15257.1351,10647.4836,9665.685133,10140.27027,6379.893466,10182.70126,14166.88678,6050.998943,BSG,ARF5,P35613,P84085,3
BSG_ATP6V1H,15802.08984,19976.21188,11787.79015,11490.24746,14074.51902,10093.87216,10550.25935,16970.72518,9654.932691,10482.4101,17571.34958,5995.791823,9878.706974,12243.47185,10607.40979,BSG,ATP6V1H,P35613,Q9UI12,3
BSG_HAX1,21250.35156,18204.32617,18184.30834,17432.08622,29061.37958,9195.164,17048.56102,19595.957,15230.31493,13085.36676,20556.58777,10380.07187,16969.43359,15158.96472,13363.32714,BSG,HAX1,P35613,O00165,3
BSG_NAMPT,77193.13281,82310.26559,67025.8709,58620.64525,84131.76385,61559.47406,54575.95893,59959.87728,48871.89801,62844.80237,99457.55578,65986.28835,54272.81547,58915.85483,41504.43008,BSG,NAMPT,P35613,P43490,3
BSG_ILVBL,38741.46094,50408.4519,25261.56331,22332.26022,25405.84919,12603.81402,25353.00931,23367.86868,17988.11222,24633.48602,22819.22977,19223.55372,25842.13243,28416.26724,17089.22128,BSG,ILVBL,P35613,A1L0T0,3
BSG_EHD4,16067.92871,24468.72388,16531.98656,13533.91677,15626.53098,13455.10878,12070.97326,12822.87419,11551.18508,13503.4141,21034.67325,14898.0062,10764.8851,10872.10336,8139.157389,BSG,EHD4,P35613,Q9H223,3
BSG_CPT1A,46232.89844,45537.09332,30768.5487,45847.87672,68878.18215,28377.26821,37598.44553,56570.62114,40100.65968,46678.41895,50504.64895,46941.82527,44640.13853,39459.20406,24536.27358,BSG,CPT1A,P35613,P50416,3
BSG_SLC26A6,314117.3125,359680.0287,322650.9375,225245.4658,365467.5257,251041.0271,202905.9834,283865.4707,171972.3575,195679.927,276550.5273,168417.4082,220103.4051,192106.252,126639.5756,BSG,SLC26A6,P35613,Q9BXS9,3
BSG_WLS,23755.96094,30174.58402,19536.04706,14675.00975,19719.83785,12357.94311,16110.42704,13983.20625,15529.80725,14941.45711,15502.50883,10890.37985,13852.3435,16696.36814,9429.982835,BSG,WLS,P35613,Q5T9L3,3
BSG_GOLM2,22590.45508,25760.79954,20181.20563,5578.868801,8897.179964,3723.96745,20406.3947,31350.54824,15867.19626,3025.599217,4392.685968,2469.926742,21170.15997,32647.98561,16830.48888,BSG,GOLM2,P35613,Q6P4E1,3
BSG_LPCAT1,14866.81934,18040.43926,11424.19918,9623.432522,11313.98091,5591.945676,8489.077815,10854.13489,8243.684043,12875.24153,15315.87231,11383.78642,11130.54479,18540.92759,11580.36349,BSG,LPCAT1,P35613,Q8NF37,3
BSG_NDUFS1,16915.46289,20813.293,11775.34427,10856.9483,18455.94356,8771.969095,10884.55602,11903.02393,6131.313945,11414.49233,9796.60219,11480.39961,11887.42282,17375.37044,8985.346286,BSG,NDUFS1,P35613,P28331,3
BSG_HLA-C,31514.56055,38247.01612,20446.80446,32886.86511,39461.60718,23435.90359,23177.26709,29145.64513,12919.12456,28851.7425,39365.60598,15573.36275,27017.52506,40865.08735,17513.65132,BSG,HLA-C,P35613,P10321,3
BSG_CCT3,158716.1719,188662.7392,113914.247,131300.1052,178732.2682,121837.7005,143679.1625,201563.1867,119040.6287,126933.9144,165804.887,120977.9212,133704.2224,165991.1181,132400.4726,BSG,CCT3,P35613,P49368,3
BSG_CDCP1,9377.924805,13131.72055,6016.510816,4018.687223,5888.019771,2789.732483,6899.155492,7300.065417,4472.770799,4294.403368,4816.044545,3700.839523,2262.992345,2769.834741,2512.036916,BSG,CDCP1,P35613,Q9H5V8,3
BSG_VIM,9477566,15896247.57,9372004.87,4976696.479,5137692.61,4454282.696,7597386.663,12387842.85,6296706.469,4417594.151,5947760.414,2364044.587,5389380.174,5759415.016,3916516.466,BSG,VIM,P35613,P08670,3
BSG_ITGB1,36213.71875,51562.90344,27259.98543,21253.24911,25604.21427,18204.51303,19629.98511,19060.32294,14197.32784,22135.07069,28913.71474,13296.80259,17275.22556,24608.04055,19042.42931,BSG,ITGB1,P35613,P05556,1
BSG_DDOST,35164.8125,57543.34753,22069.68248,28857.0689,27447.11251,25173.72377,33919.4716,35550.3198,18154.20999,40110.98211,45836.82481,31151.59259,37239.40585,37933.54838,21100.85282,BSG,DDOST,P35613,P39656,1
BSG_ADAM9,13283.94336,11574.29985,14789.93073,11498.73163,17104.82325,11373.45295,7533.249606,7855.446692,5526.444644,7893.108014,11973.37127,4806.121363,8457.202557,8975.375357,6100.628436,BSG,ADAM9,P35613,Q13443,1
BSG_ARF4,44458.37109,69951.24566,37297.32789,10938.7822,16722.88206,10491.73605,17558.09049,22941.92778,14381.1296,17451.25579,24980.25107,18213.96292,21138.00686,27900.90078,21499.31881,BSG,ARF4,P35613,P18085,1
BSG_SPINT2,29569.39844,45557.86787,22758.88588,20476.50809,25254.90602,21404.87202,17054.93287,19400.66834,18677.01048,18727.51083,24052.49126,20465.79839,19370.39046,29295.97223,12630.59869,BSG,SPINT2,P35613,O43291,3
BSG_SLC27A4,30830.66016,46481.22817,16510.37347,6448.715988,7547.061296,4270.668612,10574.52614,17464.99312,7177.142381,10393.672,10738.01435,6793.979605,4175.041881,4087.24075,4512.857044,BSG,SLC27A4,P35613,Q6P1M0,3
BSG_ESYT2,9294.288086,13169.82033,7132.715506,8329.63341,12101.04153,8348.591656,8340.707989,10451.57437,6550.416723,8314.314031,9991.477458,4771.393593,7949.594081,10117.05091,7216.911793,BSG,ESYT2,P35613,A0FGR8,3
BSG_COPB1,20810.67578,26772.93439,12815.9009,8538.894759,12922.84872,6242.205313,12875.4248,20256.77708,7824.678911,10498.923,16151.75312,10495.80482,11883.02839,12988.74419,10723.10223,BSG,COPB1,P35613,P53618,3
BSG_SLC16A1,17367.00977,29440.55495,12133.0793,10602.99708,13821.43081,6289.284351,10827.18974,9468.05261,9881.91111,11987.70917,14012.43325,6935.968647,12243.86247,18822.12245,13450.59306,BSG,SLC16A1,P35613,P53985,1
BSG_SLC1A5,17522.74219,25932.95753,10370.65974,10075.91293,13673.92067,7132.799215,8417.447666,10338.7301,4945.85656,9009.37799,10410.87683,9250.117579,6771.272106,8744.014522,4044.609483,BSG,SLC1A5,P35613,Q15758,1
BSG_PPP2R1A,30426.81836,43797.27515,16199.84663,22070.62124,20597.18656,13326.81494,24209.41351,23600.30467,16605.13989,20210.41391,32165.27795,13822.20523,20540.50144,21702.88841,16361.6802,BSG,PPP2R1A,P35613,P30153,3
BSG_HM13,16756.63086,20860.49732,8928.921563,9525.350664,12825.50366,7016.620958,9216.898256,13154.9102,9856.569429,10871.99603,13412.02046,11473.45659,9717.927797,8333.608982,5743.926993,BSG,HM13,P35613,Q8TCT9,1
BSG_NSF,41110.13672,36081.13369,39665.0743,28954.22127,49148.92198,15536.2271,30479.03842,40000.99481,28032.94319,30346.1863,44139.74182,27186.11653,28398.02019,42883.28233,26410.27237,BSG,NSF,P35613,P46459,3
BSG_CNP,8243.733398,12663.11644,6326.051404,3272.560759,3860.607202,3270.574315,5374.689067,8651.207016,2849.563399,4692.260119,6125.933276,3861.120084,4308.690719,5426.839047,2578.962521,BSG,CNP,P35613,P09543,1
BSG_RAB10,26918.74219,34636.07639,19392.5849,21116.56281,33586.31548,11348.71658,27560.32779,34465.84353,29012.23342,27116.96665,40674.90763,23162.30958,26673.14744,35215.48963,16315.85759,BSG,RAB10,P35613,P61026,1
BSG_CD151,3226.270996,3675.690546,2908.515566,4046.695286,6853.645004,3641.710115,7281.566333,7927.150005,6381.834153,2535.690584,4007.354686,2752.522558,3003.04185,2917.455157,2418.743,BSG,CD151,P35613,P48509,1
BSG_EGFR,5927.56543,7372.646606,4551.368491,3136.654573,4195.181391,2970.054302,5513.700258,6359.8327,4605.797832,8742.487302,13009.8702,8043.018378,10730.22822,17337.47355,11568.89213,BSG,EGFR,P35613,P00533,1
BSG_CD44,41798.02734,48965.97105,35208.10855,20003.28372,25398.76943,21642.05274,31853.36528,52800.77536,28439.79939,19288.66794,29862.13704,14805.20996,25293.18127,34339.03461,22289.9701,BSG,CD44,P35613,P16070,1
BSG_SLC3A2,19266.86523,17308.38838,20777.98474,11881.78188,12819.61093,8948.169936,13489.63555,14628.29568,11209.11823,12582.20605,11309.39008,7364.277125,11973.07762,11247.74858,7540.069578,BSG,SLC3A2,P35613,P08195,1
CD44_LAMP1,800225.0625,1247302.803,624618.8734,802032.0904,1155591.897,441052.6851,763247.3373,691784.4891,534347.9344,504507.3892,733291.4001,433907.6342,609666.7089,872414.7704,556408.6639,CD44,LAMP1,P16070,P11279,1
CD44_EPCAM,204977.0156,179732.0464,152421.3188,179196.7903,244225.5136,157023.8755,167587.126,281016.7964,93317.53937,117737.056,155065.5896,84753.25521,132960.5308,113717.1532,121605.1696,CD44,EPCAM,P16070,P16422,1
CD44_GLG1,45836.48438,71003.92285,34187.32522,24957.38903,32335.79152,22189.98894,25639.88571,35667.64501,18659.83706,17418.7856,15287.77137,11646.8968,24332.19607,40698.03115,13148.97276,CD44,GLG1,P16070,Q92896,1
CD44_ARF6,74036.11719,117578.2384,55301.94406,45974.31608,42253.15494,51434.27183,65464.03575,92696.41998,37895.2973,14108.6898,12644.34889,12652.17921,37190.42607,34165.72872,29916.05311,CD44,ARF6,P16070,P62330,1
CD44_SLC16A3,47635.64453,69228.40584,32198.74229,55263.72323,72591.66364,53387.35403,41431.13208,64317.27513,30183.44978,63213.09545,93865.12544,47762.67709,73125.72927,75308.53229,71110.45729,CD44,SLC16A3,P16070,O15427,1
CD44_CD58,16350.70215,24213.26429,12960.36771,23374.79459,29020.97622,22369.56154,14845.72415,20616.25713,11555.57023,12240.76264,12676.28897,12691.94491,21504.88061,27646.88956,23804.41899,CD44,CD58,P16070,P19256,1
CD44_ITGA6,28961.46289,42112.57357,28216.51614,9768.314273,14320.73946,6408.199761,4777.884538,4668.232088,3475.672107,40524.39387,53026.97987,44208.75019,1886.654983,2517.835407,1652.079622,CD44,ITGA6,P16070,P23229,1
CD44_SURF4,122855.5234,145693.1367,70036.98538,79634.64568,129043.1652,58985.14315,60713.7223,61441.67983,58038.12927,74721.07064,66701.25813,81181.90273,71169.74777,86257.7343,55062.61046,CD44,SURF4,P16070,O15260,3
CD44_TUFM,1269341,1218605.44,1413734.885,1007904.143,1538273.382,738649.6063,998045.5279,1510761.477,715021.7732,633830.7913,959594.4648,585389.6392,742932.3029,778942.2316,576393.6262,CD44,TUFM,P16070,P49411,3
CD44_PFKP,37719.29688,32418.22689,32569.59443,31416.18304,42297.17804,33576.86245,24841.89762,23671.84424,25713.22718,16431.39234,25185.87387,15155.23183,20840.98836,24136.99067,22448.03697,CD44,PFKP,P16070,Q01813,3
CD44_S100A9,14089.99902,12234.90975,15710.81388,14242.4844,20698.03287,9582.229561,17374.84157,29092.78222,9783.130418,6134.037646,8671.136957,6046.817765,7851.29081,12565.91243,6465.6479,CD44,S100A9,P16070,P06702,3
CD44_ARF5,42379.25391,45471.66806,37123.84501,43927.92505,42621.94784,23221.57509,38220.28479,63342.47798,23554.35889,19379.10463,23376.43254,10968.61198,25305.30888,24272.34618,28111.0097,CD44,ARF5,P16070,P84085,3
CD44_ATP6V1H,23812.69336,34335.99881,25020.83036,15331.86185,17898.10889,16871.97804,18708.28765,25298.65614,15806.70707,12301.30409,19342.57054,11072.28079,13036.25241,18839.07944,14233.12378,CD44,ATP6V1H,P16070,Q9UI12,3
CD44_TMED1,39035.16797,36527.54878,35175.68284,16055.66774,24722.51718,11264.33537,17894.27382,16474.54214,12737.03674,12714.14739,18829.52514,8013.002392,16403.7188,23059.85578,12913.45034,CD44,TMED1,P16070,Q13445,3
CD44_EHD4,42906.51563,43363.89908,29134.89712,29009.24648,27839.30357,15527.54729,28993.69754,46214.79414,25180.33047,20966.34146,21882.57059,20307.09679,25926.78925,22437.82122,22686.95174,CD44,EHD4,P16070,Q9H223,3
CD44_RAP2C,27463.49609,40457.02537,14753.3901,22341.40426,25262.76628,15947.47309,29990.93931,50004.79284,31927.78416,15816.50393,23499.05439,12097.1265,13947.5933,17052.60652,10859.38693,CD44,RAP2C,P16070,Q9Y3L5,3
CD44_AGPAT2,19334.73242,28196.22699,13437.52302,17827.52808,15675.92372,17693.35811,8668.852944,11776.20328,9431.339243,11520.90476,10390.70401,7542.840037,11795.60641,19231.91057,8177.551855,CD44,AGPAT2,P16070,O15120,3
CD44_SLC39A3,31151.26563,36736.99906,25662.56838,29104.28561,42913.10496,16416.91259,39809.74824,38693.88099,34652.39535,54747.47895,71563.71458,45823.80412,44289.36792,71126.06751,48242.01685,CD44,SLC39A3,P16070,Q9BRY0,3
CD44_SRC,24628.48047,28768.52804,20496.85584,17600.38071,23794.6587,17142.70041,17577.55673,15731.03439,16816.3079,8508.173198,11294.59992,7391.092598,11822.48868,10559.01931,11596.38358,CD44,SRC,P16070,P12931,1
CD44_NDUFS1,15735.8291,14334.39616,14235.2447,20216.57052,25168.21513,19275.85306,11303.72155,15513.34049,9974.33607,6693.033366,6760.365281,6479.706313,8078.430632,11369.34092,7315.624819,CD44,NDUFS1,P16070,P28331,3
CD44_CDCP1,66240.26563,61783.62055,52793.75666,61855.30418,70186.5951,57122.87857,44867.73305,57428.45492,27882.55916,30248.36648,38411.79562,22538.90482,39037.71984,66250.52396,33483.04268,CD44,CDCP1,P16070,Q9H5V8,3
CD44_PTK7,37828.0625,50614.32591,24236.2505,27808.4956,27548.20808,25375.50251,23302.17901,28600.62848,22624.87788,15860.54114,18896.56592,11799.37028,17009.26675,25228.31454,13634.33907,CD44,PTK7,P16070,Q13308,3
CD44_ITGB1,54754.80469,61682.93012,47040.50976,44032.61397,67489.66808,46523.93523,44513.08408,42296.3325,45615.62866,26689.49154,30142.31106,22362.72462,33508.86118,47446.53689,29536.25165,CD44,ITGB1,P16070,P05556,1
CD44_SPINT2,76171.39844,68265.56899,68471.99348,50589.11521,60396.82698,52551.92229,59282.25147,68389.19094,33288.82195,27538.6283,25315.98561,26728.99263,40914.35707,57207.68149,43194.35054,CD44,SPINT2,P16070,O43291,3
CD44_PLAUR,13027.21191,12906.57993,10754.19792,10603.77713,15078.78315,6477.953485,19272.09654,23180.285,12590.01741,15482.61563,18023.93215,8681.257408,1460.976159,1885.185197,1608.476312,CD44,PLAUR,P16070,Q03405,1
CD44_S100A8,20224.74023,25055.62169,11763.69993,43560.84944,72987.94566,39348.38461,30691.03251,26599.61097,25903.13937,11978.78803,16446.75618,7106.535789,21247.22622,28447.0613,19976.68459,CD44,S100A8,P16070,P05109,1
CD44_ECE1,16453.63086,20185.31434,8634.02634,12628.53467,20154.38362,9531.601227,6887.902309,11662.11404,3909.897082,5178.025497,6766.954401,2728.306812,17354.88613,15300.06761,12377.26182,CD44,ECE1,P16070,P42892,3
CD44_SLC16A1,23722.875,27943.41169,22163.57043,39023.09539,64397.0827,21544.14366,28048.45326,25456.21521,21048.68126,38703.95197,32937.06312,24019.01462,53136.53044,75729.65182,30836.35076,CD44,SLC16A1,P16070,P53985,1
CD44_RAP2B,31590.85938,32971.69584,17921.14702,1101.282655,1738.418722,813.2410751,1518.779035,1846.561927,1447.100259,16799.88445,14821.19406,10659.77868,6301.651799,8327.758885,5573.905541,CD44,RAP2B,P16070,P61225,3
CD44_SLC1A5,148599.6563,157377.4379,87192.9287,95401.48715,98343.66902,68340.18751,69455.88171,93925.8834,75147.58285,68486.47215,96850.82945,57193.32684,62517.62943,58604.651,67361.74543,CD44,SLC1A5,P16070,Q15758,3
CD44_PKP3,38165.78516,39705.77459,22448.31335,17998.57543,29597.39739,15165.76164,18548.09459,30523.85734,10105.18741,3382.978926,3611.76979,2681.846394,15702.23114,24394.82928,11767.18921,CD44,PKP3,P16070,Q9Y446,3
CD44_NSF,114067.3203,177937.035,100818.8573,84699.13787,105277.6404,82932.39855,75902.96697,101140.7035,40853.10211,44610.13684,57592.57886,35182.18591,70779.22523,100992.0453,70001.21999,CD44,NSF,P16070,P46459,3
CD44_ALDH1A3,9177.027344,11333.44523,10071.36537,9840.002404,10572.59058,6907.042087,7473.772075,8133.780887,7890.419921,3661.84225,5570.687378,3218.631173,12586.30929,14629.94833,11137.77613,CD44,ALDH1A3,P16070,P47895,1
CD44_STOM,25019.89258,24418.91476,18762.09219,6177.922071,6170.87924,3901.691395,9590.690356,15371.8626,9589.242162,1599.338583,2232.228847,987.5739822,1875.512235,2319.783573,1036.471829,CD44,STOM,P16070,P27105,3
CD44_CD151,10901.0957,9659.460903,11593.62051,9076.964779,13182.47595,4991.2777,10871.33974,12824.91949,11636.3233,3648.540857,3338.779738,3350.984108,6974.6905,7260.792305,5677.195801,CD44,CD151,P16070,P48509,1
EGFR_ATP1A1,112467.6563,137356.7486,110816.856,108889.9849,137503.0063,97956.55932,78144.17662,110668.5644,66434.42804,80560.36343,132861.7626,47392.69508,85519.59549,114148.9905,89777.18855,EGFR,ATP1A1,P00533,P05023,1
EGFR_ATP5F1B,266781.125,274128.2772,183107.0926,321291.2836,317953.0672,211661.2357,189340.6438,310013.1163,123993.1287,186846.1571,266111.9024,115417.3003,211657.8785,339746.8768,120263.3716,EGFR,ATP5F1B,P00533,P06576,1
EGFR_LAMP1,100374.0938,152110.9166,79006.65742,131641.2532,195658.3947,71862.43358,74437.55707,79900.52938,46112.2801,85783.69287,136206.4897,75072.14049,84184.04544,112766.2125,58248.87727,EGFR,LAMP1,P00533,P11279,1
EGFR_EPCAM,43690.17578,47277.13921,44109.86361,48643.51915,71879.55537,35424.59418,30103.75696,38622.81914,23206.6551,35436.46815,35395.00749,31169.88195,31086.86831,43645.9631,17119.78707,EGFR,EPCAM,P00533,P16422,1
EGFR_ATP2A2,143358.3906,237272.4723,115747.1345,116284.5074,105773.5507,85207.93791,88773.02989,85946.49661,67642.74067,87378.90628,142721.2104,93158.75879,93892.76575,101300.905,59528.57684,EGFR,ATP2A2,P00533,P16615,1
EGFR_VDAC1,7135.082031,6148.442888,7674.915203,19258.66024,25377.90695,12552.87178,7863.238522,10444.50383,5966.216502,11631.38593,18877.04148,11162.97839,11855.50242,13093.21687,12164.93103,EGFR,VDAC1,P00533,P21796,1
EGFR_ATP5F1A,992517.5,889662.9115,609916.8915,1256329.332,1206314.861,871472.9425,739743.7942,741400.8203,796065.6674,766653.0682,1065632.432,661413.0682,787545.7424,791121.2001,595834.2699,EGFR,ATP5F1A,P00533,P25705,1
EGFR_PHB1,131876.8125,187902.0388,84614.27293,160623.1766,271833.8454,107556.8128,112747.4269,162603.2116,99277.83006,114540.3964,125488.1675,118768.6552,136097.2503,186804.3638,140317.7621,EGFR,PHB1,P00533,P35232,1
EGFR_UBR4,4511.018066,7250.875109,3353.170548,6959.114464,9416.447372,6371.194555,5344.861203,5093.11824,5392.425123,6047.175246,8388.883389,3456.365814,7727.622911,9240.382372,5910.827854,EGFR,UBR4,P00533,Q5T4S7,1
EGFR_SAMHD1,12720.05078,12099.6939,12354.28572,11149.29891,15846.72153,6875.817238,10530.14983,14450.52462,6891.182774,10526.27713,12730.79535,7121.86858,8626.399389,8103.035738,5334.61714,EGFR,SAMHD1,P00533,Q9Y3Z3,1
EGFR_S100A9,4146.29541,6773.554034,2927.504313,57794.13996,96108.76504,50071.80256,4405.514877,5357.370421,3791.826654,5551.684132,4912.962873,3070.186807,7491.845051,10526.8664,4966.224215,EGFR,S100A9,P00533,P06702,1
EGFR_NAMPT,19939.01367,26454.28578,14682.37186,29177.36453,41456.36661,29738.70784,12359.7625,10829.12951,9676.050188,14216.82378,23764.9848,12691.58606,16469.08165,21370.93911,11038.73136,EGFR,NAMPT,P00533,P43490,1
EGFR_TMED10,2088.78833,2244.173294,2049.769764,2551.207002,3933.961198,2423.723188,3108.289829,4664.11322,3261.422836,4042.753197,5056.433134,2561.59758,2853.329447,4437.26969,2688.652392,EGFR,TMED10,P00533,P49755,1
EGFR_HSD17B10,10211.78711,9992.131569,5348.678793,15917.61514,23558.70711,9590.904319,1897.695695,2302.986565,1225.761501,10213.21399,14675.7757,7775.891747,0,0,0,EGFR,HSD17B10,P00533,Q99714,1
EGFR_ATP6V1H,5408.78125,8953.858745,4984.635442,5012.301129,4489.417876,3654.754455,5990.875935,5573.791153,5990.342748,4374.74014,4333.83632,3940.280322,5302.939492,6477.646648,3654.001063,EGFR,ATP6V1H,P00533,Q9UI12,1
EGFR_ATP2B1,4517.597168,4956.978669,2478.638415,3929.12756,5546.592211,2991.370543,3199.575475,4632.953292,2186.100344,3944.873403,3417.838316,3197.919514,4972.806716,7264.176595,2940.420611,EGFR,ATP2B1,P00533,P20020,1
EGFR_SLC7A1,15329.79102,15702.76483,8106.853383,11650.99183,18575.99185,8326.020132,8171.864465,8276.954642,6822.469001,9614.656667,8247.452489,6492.82572,9521.29537,10126.4689,7548.816214,EGFR,SLC7A1,P00533,P30825,1
EGFR_ARF6,5686.005859,9539.41203,5490.202562,0,0,0,10050.42627,10608.32543,10365.16542,5329.09687,7316.210511,3763.882499,14992.53516,19163.30852,10267.90757,EGFR,ARF6,P00533,P62330,1
EGFR_COG3,17189.95898,22522.28426,16734.49383,13975.91295,19791.15057,11069.90137,11445.92749,10666.68875,12145.65138,8460.173728,8099.93953,8980.042943,10754.66371,18153.01197,9279.102339,EGFR,COG3,P00533,Q96JB2,1
EGFR_AP1M1,40961.37109,38343.12025,44472.86655,41608.996,62624.8677,31703.93289,31376.58068,46086.86301,29797.7739,6231.80156,10461.26296,5653.777038,9812.292202,15635.98575,5703.021976,EGFR,AP1M1,P00533,Q9BXS5,1
EGFR_EHD4,13799.40527,22489.02877,14984.04282,13117.48222,20180.32816,14065.50889,11239.30187,18576.6553,8715.842572,11726.21327,17578.64905,8124.565493,11588.46221,15975.96989,7572.49222,EGFR,EHD4,P00533,Q9H223,1
EGFR_GNA11,0,0,0,60414.80487,55768.90637,41577.0458,57577.96327,49860.21308,53762.67469,6701.158934,6117.89006,4572.482189,55392.87167,69838.22474,54732.47785,EGFR,GNA11,P00533,P29992,1
EGFR_SLC7A5,9545.101563,12278.24594,6846.243186,0,0,0,11400.95516,15513.84974,9411.488486,6928.763912,11268.73376,4920.073682,8684.16669,13768.1384,6814.300602,EGFR,SLC7A5,P00533,Q01650,1
EGFR_ATXN10,10909.95508,13393.06085,8712.853775,11951.76625,11486.60351,10753.73316,7894.070452,8723.02679,6064.035463,9838.310906,9547.096903,5774.586748,11229.26104,11789.93805,8180.797403,EGFR,ATXN10,P00533,Q9UBB4,1
EGFR_SLC25A5,220393.1094,196376.8722,121595.5067,229289.8173,224100.9888,135885.1709,124315.7389,181218.7821,109514.8313,147888.9326,210592.3611,139354.5581,153574.0621,143301.4931,156312.7483,EGFR,SLC25A5,P00533,P05141,2
EGFR_SLC25A11,23009.07031,28760.18744,22875.52567,21786.76865,34598.26009,17283.94467,14324.3355,12846.35056,10168.38739,15783.27406,14042.06327,13641.5469,16127.67686,22408.11678,12462.06557,EGFR,SLC25A11,P00533,Q02978,3
EGFR_SLC25A3,161796.9531,187902.8915,180860.8409,188171.7736,230474.67,169683.5205,93662.64892,125165.1443,71522.39098,121976.4893,156686.1191,121182.1784,107959.669,129999.6354,105181.5428,EGFR,SLC25A3,P00533,Q00325,3
EGFR_GLG1,9418.204102,15120.92669,6555.588056,6833.641049,9979.43937,4046.533714,8504.899553,9474.883347,6996.810764,10617.63693,17821.80976,7744.334491,12129.82691,18377.17296,12198.78498,EGFR,GLG1,P00533,Q92896,3
EGFR_TGM1,6438.414063,7570.931096,4617.038232,21618.15603,21960.37144,20425.97958,4241.885217,6596.513282,2236.949685,4551.226834,5591.364214,3912.093498,8083.214107,7622.713399,7188.224475,EGFR,TGM1,P00533,P22735,3
EGFR_PFKP,23498.78711,28101.49454,19762.57395,31972.76352,39021.79869,33773.24575,17205.54268,17417.68702,10802.48277,19009.15324,23293.62629,19795.71399,13967.69492,18352.57339,14038.84636,EGFR,PFKP,P00533,Q01813,3
EGFR_HAX1,31018.10547,46777.47431,30750.51227,28609.03923,27326.78209,24314.47913,21770.69756,33717.36785,16921.94957,15390.07752,18287.56742,10019.0482,22470.24206,29276.02897,12626.02901,EGFR,HAX1,P00533,O00165,3
EGFR_SLC25A4,29669.29297,33571.69507,21191.64853,24735.87037,35496.4687,16266.35783,23121.50501,22933.29596,21450.81442,19366.38655,20391.44939,21135.07991,24363.23448,40575.9925,15394.32388,EGFR,SLC25A4,P00533,P12235,3
EGFR_PGRMC1,57668.73438,70202.4571,47651.04086,58434.94115,87658.25523,40771.28558,41275.73961,51272.72374,30918.21189,56392.8998,60872.75177,38683.27355,62571.33038,101996.2742,37426.1027,EGFR,PGRMC1,P00533,O00264,3
EGFR_ARF5,11093.80469,11098.46409,12017.28627,5493.541197,7061.178112,3117.667032,7562.162421,9811.37639,6606.070664,12999.3573,20761.01355,7356.297296,8451.840869,10778.29459,8981.94878,EGFR,ARF5,P00533,P84085,3
EGFR_CPT1A,3475.382568,5482.798294,3684.902957,1993.775835,2498.340685,1637.619682,2872.771514,4584.943336,2011.402576,4468.136771,6724.590521,4964.247401,4350.69102,3830.696429,4427.989747,EGFR,CPT1A,P00533,P50416,3
EGFR_EBP,20603.85547,30286.84338,15427.40463,26210.93301,24351.26731,23436.55817,12724.78146,18929.1304,13991.69888,12271.93263,12890.06988,7864.075326,11042.15489,13256.32778,12058.81713,EGFR,EBP,P00533,Q15125,3
EGFR_SLC26A6,143315.125,148533.2287,80834.4599,173681.6766,170803.7712,168172.6675,74080.88026,115939.5408,71340.99891,80522.21836,69370.69634,76232.96083,120406.1164,128425.1638,78948.12322,EGFR,SLC26A6,P00533,Q9BXS9,3
EGFR_SRC,20997.58789,22798.97096,18514.51813,13379.37047,13945.85301,7868.942946,12215.37871,16084.84423,6983.128902,12384.46699,14293.28489,7929.303604,8933.364704,13437.83519,7595.870274,EGFR,SRC,P00533,P12931,1
EGFR_CSTA,1440.21521,1369.183796,1476.936377,23672.00229,30121.67604,21852.07508,0,0,0,6167.281677,6238.328762,3787.814893,4821.976211,6728.778484,3197.230615,EGFR,CSTA,P00533,P01040,1
EGFR_ACIN1,40520.92188,54507.12327,30457.02416,0,0,0,2919.715992,4456.45011,3150.864068,14617.03948,19763.69908,11351.27128,11366.61534,16145.2541,6074.251038,EGFR,ACIN1,P00533,Q9UKV3,3
EGFR_NDUFS1,853.6949463,863.7856206,671.191187,23420.49957,24296.66046,25658.35172,3975.919689,6170.985191,4205.171219,1253.091257,1149.272647,1359.482464,14702.72475,13727.78707,8939.550703,EGFR,NDUFS1,P00533,P28331,1
EGFR_HLA-C,38645.76953,63519.34617,31810.99467,35770.1542,33885.06707,25010.77797,32726.61589,50149.61165,20003.16216,32487.2025,39588.25522,34925.17212,21464.21792,18998.40856,14827.71784,EGFR,HLA-C,P00533,P10321,1
EGFR_CCT3,77345.09375,108060.3774,77928.12107,91942.53262,134852.1126,78853.40979,56633.54037,53103.5718,47195.84404,87307.44387,147643.8722,77527.08939,68180.17891,91403.71145,55933.24609,EGFR,CCT3,P00533,P49368,1
EGFR_CDCP1,9099.077148,8513.642525,8370.814311,5980.19793,6047.534958,4214.777719,3830.821056,4223.863297,2633.766093,5928.37207,9667.099915,4223.372262,1117.474618,1295.834741,921.6081366,EGFR,CDCP1,P00533,Q9H5V8,1
EGFR_TNFRSF10B,21588.33984,36589.86132,18245.64448,10051.63485,16172.97996,6303.872746,833.9961415,900.682473,662.6049304,13604.52508,15181.83372,14270.95635,10314.6745,12842.49178,5461.032212,EGFR,TNFRSF10B,P00533,O14763,1
EGFR_MAP2K2,5146.312988,6257.659278,4015.729781,4977.622775,7852.847018,4692.624005,3629.882498,3137.525236,2347.48494,2168.313098,2556.571242,1725.853632,2614.694955,3753.682224,2530.43641,EGFR,MAP2K2,P00533,P36507,1
EGFR_ITGB1,17307.55859,26373.77701,11358.15456,16303.84737,25316.12507,11423.56782,6779.033986,9944.571696,3826.046107,15764.11957,21486.02205,17091.04857,11939.20729,20098.46156,7185.874572,EGFR,ITGB1,P00533,P05556,1
EGFR_DDOST,19641.53516,28547.20361,21580.88141,22212.02823,28094.43967,13023.20091,12430.07355,16790.04615,12144.70393,23334.37477,25502.83821,12595.70882,14260.04001,16915.68726,7499.540421,EGFR,DDOST,P00533,P39656,1
EGFR_ADAM9,7384.024902,12367.87251,6587.487984,12783.16549,12091.08491,11269.83045,7322.548688,10413.17681,4503.030606,5602.748404,6382.594954,6066.146121,4006.354776,6135.371768,4144.085241,EGFR,ADAM9,P00533,Q13443,1
EGFR_XP32,12349.16406,12308.90579,7531.557575,36446.94297,40753.87822,22497.34936,15702.32558,18982.85544,15463.94858,26547.04366,37159.48984,17573.08102,29959.08205,26371.18239,30032.06238,EGFR,XP32,P00533,Q5T750,3
EGFR_ARF4,63568.82422,61999.30995,50751.88717,73546.04327,119821.2137,47043.87367,21196.33006,27846.25469,22571.2724,24939.07975,37302.37914,22432.20345,18519.53033,17417.24788,19681.4827,EGFR,ARF4,P00533,P18085,1
EGFR_COPB1,9882.977539,10497.40225,7333.821611,10657.3485,13546.4491,6429.237312,7316.465467,7155.722721,8115.99418,5071.375482,4793.109109,2988.936853,10547.09976,14344.89944,7042.646564,EGFR,COPB1,P00533,P53618,1
EGFR_SLC16A1,13264.29199,20451.81389,11566.9534,19308.08194,20468.69075,11686.02352,6607.997775,10139.77435,5184.053551,10322.9609,15935.96766,8645.221679,9739.809136,12959.10825,10324.36326,EGFR,SLC16A1,P00533,P53985,2
EGFR_F3,17087.13672,25712.55246,12122.84506,20765.55889,29349.00265,22441.27719,16373.25238,26487.33784,16931.97324,15891.15736,26825.86274,8576.727776,10028.71876,15172.14775,10947.7706,EGFR,F3,P00533,P13726,1
EGFR_SLC1A5,15026.62793,18697.93367,12605.04176,14473.99806,22804.21817,14582.82805,6668.534978,9299.472082,6635.359016,10529.9288,13755.87778,9208.75969,7056.483096,6859.536653,4933.885924,EGFR,SLC1A5,P00533,Q15758,1
EGFR_PPP2R1A,8233.892578,13693.12804,7893.404652,10567.73582,10702.89716,10654.51806,6490.691066,10868.7271,3733.938794,12345.94195,11287.89473,12084.99812,9020.177485,10218.32766,9496.073029,EGFR,PPP2R1A,P00533,P30153,1
EGFR_HM13,8437.367188,8042.751524,4978.772254,13411.19545,12115.80808,14496.02705,3417.835519,4782.782312,2369.848539,3348.430614,3857.057224,3400.749842,4176.07157,6441.339833,3193.258183,EGFR,HM13,P00533,Q8TCT9,2
EGFR_SLC12A2,12672.44531,20638.97806,13731.29148,13063.29791,13316.46462,12491.87007,8649.227147,10216.38061,4819.08124,7744.891309,8476.473742,5814.190589,6518.219967,7653.563521,6257.77797,EGFR,SLC12A2,P00533,P55011,1
EGFR_NSF,32418.58008,46334.90395,20894.13146,34621.61141,38125.66471,38132.0697,26898.91084,33626.86642,14472.3672,31115.80616,46362.24002,27228.44627,24094.24257,29512.55584,19270.09332,EGFR,NSF,P00533,P46459,1
EGFR_CNP,7680.272949,11014.43304,4625.889839,2646.577165,2929.575661,2510.506047,1171.898489,1122.198274,1006.413532,4881.284971,7607.921943,4340.45324,2974.34042,4644.194619,1567.614221,EGFR,CNP,P00533,P09543,1
EGFR_HSPB1,559648.4375,809402.7457,431077.0441,512198.5365,459314.0376,539683.1099,410042.1313,469371.1272,429070.5464,458676.0674,614135.1469,475154.4638,537802.702,490718.0754,379860.2667,EGFR,HSPB1,P00533,P04792,1
EGFR_RAB10,17473.66406,22225.27753,10770.92379,28698.04858,39077.84578,29779.79283,13834.28699,15259.77193,10560.81801,18995.57683,26135.4443,13478.72944,22885.0073,30089.2076,12922.01937,EGFR,RAB10,P00533,P61026,1
EGFR_CD151,4041.587158,5083.589159,3200.080213,1201.405047,1568.830752,835.117072,1160.156399,1115.722409,1018.227506,5339.151993,7860.619913,5757.148863,1224.150392,1144.029749,1200.157045,EGFR,CD151,P00533,P48509,1
EGFR_CD44,33065.51563,48071.96924,31695.11533,21438.17183,34385.54133,12569.30734,24634.05164,35402.58098,16098.37738,20282.79218,32658.94631,14692.67211,11166.9323,13185.69032,7548.209716,EGFR,CD44,P00533,P16070,1
EGFR_SLC3A2,14953.00391,21189.60278,11582.14824,17787.351,15234.33251,10778.7256,11676.61146,17052.28984,7944.077516,19936.58305,31475.07986,20989.37419,14457.73041,21809.92005,11865.21356,EGFR,SLC3A2,P00533,P08195,1
SLC3A2_ATP1A1,42127.45313,57220.87703,43980.59766,38786.46352,36212.5938,38016.12556,27722.53425,24385.85002,23799.01942,31437.84483,42404.937,29993.27586,35654.56775,54434.18513,30037.15494,SLC3A2,ATP1A1,P08195,P05023,1
SLC3A2_LAMP1,24214.98242,24962.74108,17766.67789,21302.11136,30461.5932,11379.97133,18198.3436,24065.48958,9557.970242,17420.23994,24231.37956,9487.916264,63933.8592,93962.31418,41290.59609,SLC3A2,LAMP1,P08195,P11279,1
SLC3A2_ATP2A2,39471.17969,47442.77914,25952.53747,36076.59164,40626.21061,35810.41855,28951.43616,39818.35772,19710.60096,33281.3913,48533.58731,28140.78088,32568.26749,45308.97373,35054.95242,SLC3A2,ATP2A2,P08195,P16615,1
SLC3A2_VDAC1,9039.62793,8895.174675,5496.048583,9497.91961,11836.97227,10470.32612,4543.159918,5172.069546,4168.821714,10160.19039,17148.97896,9599.60189,19604.33334,21288.54162,20795.39461,SLC3A2,VDAC1,P08195,P21796,1
SLC3A2_PHB1,119157.4844,200698.1425,76096.35267,91962.342,132120.4575,93869.0892,44957.98531,54783.10342,23868.10448,103987.0237,107648.4069,88952.78783,77146.01078,70548.48394,58554.82508,SLC3A2,PHB1,P08195,P35232,1
SLC3A2_SLC25A4,8123.110352,8836.238209,7268.404803,7722.529517,11834.77649,4930.217295,5869.174488,9221.236114,3216.683247,7454.384297,9395.505968,6386.715197,8308.357573,7897.176957,5465.370545,SLC3A2,SLC25A4,P08195,P12235,1
SLC3A2_ARF5,0,0,0,2454.502647,2625.802387,2733.076425,2224.108928,2663.970951,2302.201841,2423.692891,2894.640657,1875.647455,3620.520295,4660.188903,3572.671499,SLC3A2,ARF5,P08195,P84085,1
SLC3A2_SLC16A3,4200.162109,5177.875845,2601.651813,3522.622655,4511.035346,2330.479083,6201.579594,7475.818153,5006.336755,4131.106487,6937.697613,3897.955099,7548.278736,7707.396452,4416.044992,SLC3A2,SLC16A3,P08195,O15427,1
SLC3A2_SLC7A5,44546.3125,75227.58523,38639.026,8975.837015,11352.36938,4684.615,25912.17733,35665.00264,24298.937,35270.73921,40023.47132,37560.58614,10359.67788,15428.97905,9721.905028,SLC3A2,SLC7A5,P08195,Q01650,1
SLC3A2_EPCAM,16550.74023,19892.83121,8789.220949,21257.19092,30209.86945,14595.76123,14247.50662,12676.71902,8979.49105,21233.933,18130.38136,21744.37552,16371.27156,15837.4044,14492.75001,SLC3A2,EPCAM,P08195,P16422,3
SLC3A2_SLC25A5,72559.96875,118951.1848,64994.64873,78601.24957,111697.8777,69057.64305,54792.52169,53247.9205,58946.7263,74108.27815,77458.71341,82044.68188,73073.58132,84470.13706,80832.97262,SLC3A2,SLC25A5,P08195,P05141,3
SLC3A2_COG3,3067.075439,2953.900356,2765.312021,2704.540813,3711.468402,2161.090382,3035.828959,4673.749757,2649.152388,2805.106854,3149.321516,2582.967637,3771.050373,6006.491323,2404.093636,SLC3A2,COG3,P08195,Q96JB2,3
SLC3A2_EHD4,1450.29187,2099.442511,1206.597877,1553.858094,2255.78241,1190.378054,556.3023901,777.85538,378.9626453,29739.72871,46923.04656,28893.72265,0,0,0,SLC3A2,EHD4,P08195,Q9H223,3
SLC3A2_CDCP1,4142.533691,3722.853603,2555.674023,4401.9308,6976.576106,3196.162719,3047.433698,3876.183293,1616.50511,3829.3565,5128.772041,4027.472087,3388.090018,5040.292115,2075.716737,SLC3A2,CDCP1,P08195,Q9H5V8,3
SLC3A2_TNFRSF10B,4398.412109,6758.819968,2633.144597,11728.30871,19272.54329,12020.61335,11240.04984,13257.63878,10313.58873,10670.08263,10607.98274,9339.726053,10832.80288,17272.5792,11129.61084,SLC3A2,TNFRSF10B,P08195,O14763,3
SLC3A2_ITGB1,9310.551758,9123.875195,5391.1912,2947.307352,3110.706072,1754.882796,3432.088246,4154.886031,2152.427279,4242.274452,6516.685053,3874.995299,6687.073528,10141.81632,4159.961571,SLC3A2,ITGB1,P08195,P05556,1
SLC3A2_ARF4,43868.67188,51089.89395,23152.70056,28013.54537,25196.78338,23606.76256,18427.6022,30528.45574,14579.32918,29734.26165,40679.44336,17078.7652,25232.04753,40392.97561,16253.24865,SLC3A2,ARF4,P08195,P18085,3
SLC3A2_SLC1A5,12599.62402,13781.84675,10470.42616,4723.938556,7897.811154,4636.356736,2662.484322,4034.915116,1483.762575,3761.327574,4984.511301,2475.258211,3110.713002,3935.114161,2661.634919,SLC3A2,SLC1A5,P08195,Q15758,1
SLC3A2_RAB10,15481.9668,14834.20131,11040.34534,16333.47496,20480.38092,17629.91187,13082.66883,11247.1704,13142.3258,14282.9165,16405.3579,9933.04,15494.27288,22777.97562,16333.9695,SLC3A2,RAB10,P08195,P61026,1